packet,altitude,pressure,temperature,vertical_speed,battery,voltage,roll,pitch,yaw,lat,lon,sats,fix
1,0.00,1013.25,14.90,8.79,4.23,4.15,7.90,8.00,173.70,28.621787,77.092417,8,FIX 3D
1,0.00,1013.25,14.90,8.79,4.23,4.15,7.90,8.00,173.70,28.621787,77.092417,8,FIX 3D
2,0.00,1013.25,14.80,9.14,4.23,4.15,5.50,6.90,189.00,28.621739,77.092322,8,FIX 3D
2,0.00,1013.25,14.80,9.14,4.23,4.15,5.50,6.90,189.00,28.621739,77.092322,8,FIX 3D
3,0.00,1013.25,15.30,9.98,4.23,4.14,3.80,6.80,204.10,28.621795,77.092353,8,FIX 3D
3,0.00,1013.25,15.30,9.98,4.23,4.14,3.80,6.80,204.10,28.621795,77.092353,8,FIX 3D
4,0.00,1013.25,14.90,9.36,4.22,4.14,0.40,6.20,219.30,28.621893,77.092355,11,FIX 3D
4,0.00,1013.25,14.90,9.36,4.22,4.14,0.40,6.20,219.30,28.621893,77.092355,11,FIX 3D
5,0.00,1013.25,15.00,8.81,4.22,4.14,-4.60,3.50,234.40,28.621912,77.092403,12,FIX 3D
5,0.00,1013.25,15.00,8.81,4.22,4.14,-4.60,3.50,234.40,28.621912,77.092403,12,FIX 3D
6,0.00,1013.25,15.20,9.74,4.22,4.13,-7.30,0.10,249.50,28.622009,77.092434,9,FIX 3D
6,0.00,1013.25,15.20,9.74,4.22,4.13,-7.30,0.10,249.50,28.622009,77.092434,9,FIX 3D
7,0.00,1013.25,15.00,10.40,4.21,4.13,-8.20,-2.50,264.80,28.622048,77.092438,12,FIX 3D
7,0.00,1013.25,15.00,10.40,4.21,4.13,-8.20,-2.50,264.80,28.622048,77.092438,12,FIX 3D
8,0.00,1013.25,15.20,9.63,4.21,4.12,-10.90,-3.40,280.00,28.622019,77.092484,11,FIX 3D
8,0.00,1013.25,15.20,9.63,4.21,4.12,-10.90,-3.40,280.00,28.622019,77.092484,11,FIX 3D
9,0.00,1013.25,15.20,9.96,4.20,4.12,-9.30,-5.40,295.10,28.622081,77.092443,11,FIX 3D
9,0.00,1013.25,15.20,9.96,4.20,4.12,-9.30,-5.40,295.10,28.622081,77.092443,11,FIX 3D
10,0.00,1013.25,14.90,8.72,4.20,4.11,-5.00,-7.50,310.40,28.622085,77.092365,11,FIX 3D
10,0.00,1013.25,14.90,8.72,4.20,4.11,-5.00,-7.50,310.40,28.622085,77.092365,11,FIX 3D
11,0.00,1013.25,15.00,9.78,4.19,4.11,-2.60,-7.00,325.60,28.622073,77.092396,8,FIX 3D
11,0.00,1013.25,15.00,9.78,4.19,4.11,-2.60,-7.00,325.60,28.622073,77.092396,8,FIX 3D
12,0.00,1013.25,15.10,10.03,4.19,4.10,3.80,-7.90,340.80,28.622015,77.092299,11,FIX 3D
12,0.00,1013.25,15.10,10.03,4.19,4.10,3.80,-7.90,340.80,28.622015,77.092299,11,FIX 3D
13,0.00,1013.25,14.90,9.36,4.18,4.10,3.80,-6.90,356.00,28.622070,77.092267,12,FIX 3D
13,0.00,1013.25,14.90,9.36,4.18,4.10,3.80,-6.90,356.00,28.622070,77.092267,12,FIX 3D
14,0.00,1013.25,15.20,10.00,4.18,4.10,8.20,-6.70,11.20,28.621986,77.092206,11,FIX 3D
14,0.00,1013.25,15.20,10.00,4.18,4.10,8.20,-6.70,11.20,28.621986,77.092206,11,FIX 3D
15,0.00,1013.25,14.80,8.80,4.17,4.09,10.00,-4.30,26.40,28.622077,77.092126,8,FIX 3D
15,0.00,1013.25,14.80,8.80,4.17,4.09,10.00,-4.30,26.40,28.622077,77.092126,8,FIX 3D
16,0.00,1013.25,15.20,10.06,4.17,4.09,10.70,-1.90,41.60,28.622067,77.092201,10,FIX 3D
16,0.00,1013.25,15.20,10.06,4.17,4.09,10.70,-1.90,41.60,28.622067,77.092201,10,FIX 3D
17,0.00,1013.25,14.90,9.48,4.17,4.08,8.30,0.20,56.80,28.622048,77.092139,12,FIX 3D
17,0.00,1013.25,14.90,9.48,4.17,4.08,8.30,0.20,56.80,28.622048,77.092139,12,FIX 3D
18,0.00,1013.25,14.80,10.21,4.16,4.08,4.60,3.80,72.10,28.622084,77.092125,9,FIX 3D
18,0.00,1013.25,14.80,10.21,4.16,4.08,4.60,3.80,72.10,28.622084,77.092125,9,FIX 3D
19,0.00,1013.25,14.80,9.42,4.16,4.07,1.40,5.60,87.30,28.622178,77.092162,12,FIX 3D
19,0.00,1013.25,14.80,9.42,4.16,4.07,1.40,5.60,87.30,28.622178,77.092162,12,FIX 3D
20,0.00,1013.25,15.10,8.77,4.15,4.07,-2.50,7.60,102.40,28.622092,77.092118,12,FIX 3D
20,0.00,1013.25,15.10,8.77,4.15,4.07,-2.50,7.60,102.40,28.622092,77.092118,12,FIX 3D
21,0.00,1013.25,15.30,8.72,4.15,4.07,-5.90,7.50,117.80,28.622132,77.092217,8,FIX 3D
21,0.00,1013.25,15.30,8.72,4.15,4.07,-5.90,7.50,117.80,28.622132,77.092217,8,FIX 3D
22,0.00,1013.25,14.70,9.54,4.15,4.06,-9.80,8.50,132.90,28.622172,77.092264,8,FIX 3D
22,0.00,1013.25,14.70,9.54,4.15,4.06,-9.80,8.50,132.90,28.622172,77.092264,8,FIX 3D
23,0.00,1013.25,15.10,10.05,4.14,4.06,-8.40,7.00,148.10,28.622157,77.092295,11,FIX 3D
23,0.00,1013.25,15.10,10.05,4.14,4.06,-8.40,7.00,148.10,28.622157,77.092295,11,FIX 3D
24,0.00,1013.25,15.00,9.29,4.14,4.06,-11.10,7.10,163.10,28.622228,77.092334,10,FIX 3D
24,0.00,1013.25,15.00,9.29,4.14,4.06,-11.10,7.10,163.10,28.622228,77.092334,10,FIX 3D
25,0.00,1013.25,14.70,9.78,4.14,4.06,-7.10,5.30,178.30,28.622254,77.092379,10,FIX 3D
25,0.00,1013.25,14.70,9.78,4.14,4.06,-7.10,5.30,178.30,28.622254,77.092379,10,FIX 3D
26,0.00,1013.25,15.20,9.55,4.14,4.06,-5.20,3.40,193.50,28.622290,77.092465,10,FIX 3D
26,0.00,1013.25,15.20,9.55,4.14,4.06,-5.20,3.40,193.50,28.622290,77.092465,10,FIX 3D
27,0.00,1013.25,15.30,10.06,4.14,4.06,-1.70,0.10,208.70,28.622229,77.092564,9,FIX 3D
27,0.00,1013.25,15.30,10.06,4.14,4.06,-1.70,0.10,208.70,28.622229,77.092564,9,FIX 3D
28,0.00,1013.25,14.90,9.38,4.14,4.06,4.90,-1.60,223.90,28.622189,77.092631,9,FIX 3D
28,0.00,1013.25,14.90,9.38,4.14,4.06,4.90,-1.60,223.90,28.622189,77.092631,9,FIX 3D
29,0.00,1013.25,14.80,9.45,4.14,4.05,5.50,-3.80,239.10,28.622208,77.092583,11,FIX 3D
29,0.00,1013.25,14.80,9.45,4.14,4.05,5.50,-3.80,239.10,28.622208,77.092583,11,FIX 3D
30,0.00,1013.25,15.30,9.37,4.14,4.06,7.70,-6.50,254.20,28.622108,77.092495,11,FIX 3D
30,0.00,1013.25,15.30,9.37,4.14,4.06,7.70,-6.50,254.20,28.622108,77.092495,11,FIX 3D
31,0.00,1013.25,15.00,9.37,4.14,4.06,9.80,-8.00,269.50,28.622149,77.092519,11,FIX 3D
31,0.00,1013.25,15.00,9.37,4.14,4.06,9.80,-8.00,269.50,28.622149,77.092519,11,FIX 3D
32,0.00,1013.25,15.10,10.46,4.14,4.06,10.70,-7.30,284.60,28.622229,77.092426,9,FIX 3D
32,0.00,1013.25,15.10,10.46,4.14,4.06,10.70,-7.30,284.60,28.622229,77.092426,9,FIX 3D
33,0.00,1013.25,14.80,9.26,4.14,4.06,5.20,-8.20,299.80,28.622277,77.092469,10,FIX 3D
33,0.00,1013.25,14.80,9.26,4.14,4.06,5.20,-8.20,299.80,28.622277,77.092469,10,FIX 3D
34,0.00,1013.25,15.10,9.16,4.14,4.06,5.00,-7.40,314.80,28.622329,77.092460,11,FIX 3D
34,0.00,1013.25,15.10,9.16,4.14,4.06,5.00,-7.40,314.80,28.622329,77.092460,11,FIX 3D
35,0.00,1013.25,14.90,9.51,4.14,4.06,0.50,-5.60,330.10,28.622312,77.092555,10,FIX 3D
35,0.00,1013.25,14.90,9.51,4.14,4.06,0.50,-5.60,330.10,28.622312,77.092555,10,FIX 3D
36,0.00,1013.25,15.00,9.37,4.15,4.06,-4.60,-2.70,345.20,28.622255,77.092495,12,FIX 3D
36,0.00,1013.25,15.00,9.37,4.15,4.06,-4.60,-2.70,345.20,28.622255,77.092495,12,FIX 3D
37,0.00,1013.25,15.00,9.38,4.15,4.07,-7.50,-1.60,0.50,28.622194,77.092579,8,FIX 3D
37,0.00,1013.25,15.00,9.38,4.15,4.07,-7.50,-1.60,0.50,28.622194,77.092579,8,FIX 3D
38,0.00,1013.25,14.80,9.96,4.15,4.07,-9.10,0.70,15.60,28.622262,77.092482,8,FIX 3D
38,0.00,1013.25,14.80,9.96,4.15,4.07,-9.10,0.70,15.60,28.622262,77.092482,8,FIX 3D
39,0.00,1013.25,14.90,8.90,4.15,4.07,-9.70,4.60,30.80,28.622230,77.092497,11,FIX 3D
39,0.00,1013.25,14.90,8.90,4.15,4.07,-9.70,4.60,30.80,28.622230,77.092497,11,FIX 3D
40,0.00,1013.25,15.10,9.05,4.16,4.07,-9.50,6.00,46.00,28.622321,77.092397,10,FIX 3D
40,0.00,1013.25,15.10,9.05,4.16,4.07,-9.50,6.00,46.00,28.622321,77.092397,10,FIX 3D
41,0.00,1013.25,15.30,8.98,4.16,4.08,-7.00,6.30,61.20,28.622314,77.092380,11,FIX 3D
41,0.00,1013.25,15.30,8.98,4.16,4.08,-7.00,6.30,61.20,28.622314,77.092380,11,FIX 3D
42,0.00,1013.25,14.80,8.41,4.16,4.08,-2.50,7.00,76.50,28.622294,77.092478,8,FIX 3D
42,0.00,1013.25,14.80,8.41,4.16,4.08,-2.50,7.00,76.50,28.622294,77.092478,8,FIX 3D
43,0.00,1013.25,15.10,10.11,4.17,4.08,2.20,7.10,91.60,28.622301,77.092456,11,FIX 3D
43,0.00,1013.25,15.10,10.11,4.17,4.08,2.20,7.10,91.60,28.622301,77.092456,11,FIX 3D
44,0.00,1013.25,15.00,10.07,4.17,4.09,6.40,8.10,106.70,28.622237,77.092397,11,FIX 3D
44,0.00,1013.25,15.00,10.07,4.17,4.09,6.40,8.10,106.70,28.622237,77.092397,11,FIX 3D
45,0.00,1013.25,15.20,10.13,4.17,4.09,9.10,6.10,121.90,28.622196,77.092426,8,FIX 3D
45,0.00,1013.25,15.20,10.13,4.17,4.09,9.10,6.10,121.90,28.622196,77.092426,8,FIX 3D
46,0.00,1013.25,15.20,9.33,4.18,4.09,9.50,4.60,137.00,28.622284,77.092461,9,FIX 3D
46,0.00,1013.25,15.20,9.33,4.18,4.09,9.50,4.60,137.00,28.622284,77.092461,9,FIX 3D
47,0.00,1013.25,15.10,0.00,4.18,4.10,8.60,1.20,152.20,28.622372,77.092476,12,FIX 3D
47,0.00,1013.25,15.10,0.00,4.18,4.10,8.60,1.20,152.20,28.622372,77.092476,12,FIX 3D
48,0.00,1013.25,14.90,0.00,4.18,4.10,8.60,-1.30,167.40,28.622438,77.092513,10,FIX 3D
48,0.00,1013.25,14.90,0.00,4.18,4.10,8.60,-1.30,167.40,28.622438,77.092513,10,FIX 3D
49,0.00,1013.25,15.10,0.00,4.19,4.10,7.00,-3.60,182.50,28.622397,77.092498,11,FIX 3D
49,0.00,1013.25,15.10,0.00,4.19,4.10,7.00,-3.60,182.50,28.622397,77.092498,11,FIX 3D
50,0.00,1013.25,14.90,0.00,4.19,4.10,0.20,-4.50,197.60,28.622481,77.092566,10,FIX 3D
50,0.00,1013.25,14.90,0.00,4.19,4.10,0.20,-4.50,197.60,28.622481,77.092566,10,FIX 3D
51,0.00,1013.25,14.70,0.00,4.19,4.11,-1.30,-5.70,212.70,28.622408,77.092658,9,FIX 3D
51,0.00,1013.25,14.70,0.00,4.19,4.11,-1.30,-5.70,212.70,28.622408,77.092658,9,FIX 3D
52,0.00,1013.25,15.20,0.00,4.19,4.11,-6.90,-8.50,227.70,28.622358,77.092731,12,FIX 3D
52,0.00,1013.25,15.20,0.00,4.19,4.11,-6.90,-8.50,227.70,28.622358,77.092731,12,FIX 3D
53,0.00,1013.25,15.10,0.00,4.19,4.11,-8.40,-7.80,242.80,28.622279,77.092758,8,FIX 3D
53,0.00,1013.25,15.10,0.00,4.19,4.11,-8.40,-7.80,242.80,28.622279,77.092758,8,FIX 3D
54,0.00,1013.25,14.70,0.00,4.19,4.11,-8.00,-8.00,258.00,28.622204,77.092728,10,FIX 3D
54,0.00,1013.25,14.70,0.00,4.19,4.11,-8.00,-8.00,258.00,28.622204,77.092728,10,FIX 3D
55,0.00,1013.25,14.80,0.00,4.19,4.11,-8.40,-6.10,273.10,28.622169,77.092794,11,FIX 3D
55,0.00,1013.25,14.80,0.00,4.19,4.11,-8.40,-6.10,273.10,28.622169,77.092794,11,FIX 3D
56,0.00,1013.25,15.10,0.00,4.19,4.11,-9.00,-3.90,288.30,28.622154,77.092851,10,FIX 3D
56,0.00,1013.25,15.10,0.00,4.19,4.11,-9.00,-3.90,288.30,28.622154,77.092851,10,FIX 3D
57,0.00,1013.25,15.10,0.00,4.19,4.11,-3.70,-3.60,303.50,28.622171,77.092839,12,FIX 3D
57,0.00,1013.25,15.10,0.00,4.19,4.11,-3.70,-3.60,303.50,28.622171,77.092839,12,FIX 3D
58,0.00,1013.25,15.00,0.00,4.19,4.11,-2.30,-0.10,318.70,28.622201,77.092807,9,FIX 3D
58,0.00,1013.25,15.00,0.00,4.19,4.11,-2.30,-0.10,318.70,28.622201,77.092807,9,FIX 3D
59,0.00,1013.25,14.70,0.00,4.19,4.11,3.50,1.30,333.90,28.622123,77.092819,12,FIX 3D
59,0.00,1013.25,14.70,0.00,4.19,4.11,3.50,1.30,333.90,28.622123,77.092819,12,FIX 3D
60,0.00,1013.25,15.30,0.00,4.19,4.11,5.00,3.70,349.10,28.622206,77.092792,8,FIX 3D
60,0.00,1013.25,15.30,0.00,4.19,4.11,5.00,3.70,349.10,28.622206,77.092792,8,FIX 3D
61,0.00,1013.25,14.90,0.00,4.19,4.11,10.30,6.80,4.20,28.622245,77.092775,8,FIX 3D
61,0.00,1013.25,14.90,0.00,4.19,4.11,10.30,6.80,4.20,28.622245,77.092775,8,FIX 3D
62,0.00,1013.25,15.00,0.00,4.19,4.10,10.50,6.80,19.20,28.622149,77.092718,9,FIX 3D
62,0.00,1013.25,15.00,0.00,4.19,4.10,10.50,6.80,19.20,28.622149,77.092718,9,FIX 3D
63,0.00,1013.25,14.80,0.00,4.18,4.10,10.10,7.00,34.40,28.622216,77.092640,8,FIX 3D
63,0.00,1013.25,14.80,0.00,4.18,4.10,10.10,7.00,34.40,28.622216,77.092640,8,FIX 3D
64,0.00,1013.25,14.80,0.00,4.18,4.10,8.90,7.60,49.60,28.622226,77.092683,9,FIX 3D
64,0.00,1013.25,14.80,0.00,4.18,4.10,8.90,7.60,49.60,28.622226,77.092683,9,FIX 3D
65,0.00,1013.25,15.30,0.00,4.18,4.10,4.90,6.10,64.80,28.622287,77.092781,10,FIX 3D
65,0.00,1013.25,15.30,0.00,4.18,4.10,4.90,6.10,64.80,28.622287,77.092781,10,FIX 3D
66,0.00,1013.25,15.20,0.00,4.18,4.09,-1.50,4.60,80.00,28.622301,77.092780,10,FIX 3D
66,0.00,1013.25,15.20,0.00,4.18,4.09,-1.50,4.60,80.00,28.622301,77.092780,10,FIX 3D
67,0.00,1013.25,14.90,0.00,4.17,4.09,-5.00,4.30,95.10,28.622400,77.092817,11,FIX 3D
67,0.00,1013.25,14.90,0.00,4.17,4.09,-5.00,4.30,95.10,28.622400,77.092817,11,FIX 3D
68,0.00,1013.25,15.10,0.00,4.17,4.08,-7.90,1.70,110.20,28.622493,77.092759,10,FIX 3D
68,0.00,1013.25,15.10,0.00,4.17,4.08,-7.90,1.70,110.20,28.622493,77.092759,10,FIX 3D
69,0.00,1013.25,15.00,0.00,4.16,4.08,-9.50,-0.60,125.40,28.622525,77.092754,9,FIX 3D
69,0.00,1013.25,15.00,0.00,4.16,4.08,-9.50,-0.60,125.40,28.622525,77.092754,9,FIX 3D
70,0.00,1013.25,14.70,0.00,4.16,4.08,-9.90,-3.30,140.60,28.622550,77.092759,8,FIX 3D
70,0.00,1013.25,14.70,0.00,4.16,4.08,-9.90,-3.30,140.60,28.622550,77.092759,8,FIX 3D
71,0.00,1013.25,15.20,0.00,4.15,4.07,-7.60,-5.70,155.70,28.622506,77.092817,12,FIX 3D
71,0.00,1013.25,15.20,0.00,4.15,4.07,-7.60,-5.70,155.70,28.622506,77.092817,12,FIX 3D
72,0.00,1013.25,15.00,0.00,4.15,4.07,-4.80,-6.30,170.90,28.622488,77.092900,12,FIX 3D
72,0.00,1013.25,15.00,0.00,4.15,4.07,-4.80,-6.30,170.90,28.622488,77.092900,12,FIX 3D
73,0.00,1013.25,14.90,0.00,4.14,4.06,-0.70,-7.40,186.20,28.622411,77.092812,8,FIX 3D
73,0.00,1013.25,14.90,0.00,4.14,4.06,-0.70,-7.40,186.20,28.622411,77.092812,8,FIX 3D
74,0.00,1013.25,15.00,0.00,4.14,4.06,1.40,-7.40,201.40,28.622342,77.092873,10,FIX 3D
74,0.00,1013.25,15.00,0.00,4.14,4.06,1.40,-7.40,201.40,28.622342,77.092873,10,FIX 3D
75,0.00,1013.25,15.20,0.00,4.13,4.05,5.10,-7.40,216.60,28.622430,77.092851,12,FIX 3D
75,0.00,1013.25,15.20,0.00,4.13,4.05,5.10,-7.40,216.60,28.622430,77.092851,12,FIX 3D
76,0.00,1013.25,14.90,0.00,4.13,4.05,9.00,-6.50,231.70,28.622373,77.092828,10,FIX 3D
76,0.00,1013.25,14.90,0.00,4.13,4.05,9.00,-6.50,231.70,28.622373,77.092828,10,FIX 3D
77,0.00,1013.25,14.90,0.00,4.13,4.04,10.20,-3.60,246.90,28.622324,77.092833,10,FIX 3D
77,0.00,1013.25,14.90,0.00,4.13,4.04,10.20,-3.60,246.90,28.622324,77.092833,10,FIX 3D
78,0.00,1013.25,15.10,0.00,4.12,4.04,10.00,-2.40,262.10,28.622404,77.092838,10,FIX 3D
78,0.00,1013.25,15.10,0.00,4.12,4.04,10.00,-2.40,262.10,28.622404,77.092838,10,FIX 3D
79,0.00,1013.25,15.20,0.00,4.12,4.03,9.50,-0.10,277.30,28.622393,77.092836,8,FIX 3D
79,0.00,1013.25,15.20,0.00,4.12,4.03,9.50,-0.10,277.30,28.622393,77.092836,8,FIX 3D
80,0.00,1013.25,14.80,0.00,4.11,4.03,5.70,2.70,292.50,28.622382,77.092897,10,FIX 3D
80,0.00,1013.25,14.80,0.00,4.11,4.03,5.70,2.70,292.50,28.622382,77.092897,10,FIX 3D
81,0.00,1013.25,15.10,0.00,4.11,4.03,0.60,4.20,307.60,28.622447,77.092839,10,FIX 3D
81,0.00,1013.25,15.10,0.00,4.11,4.03,0.60,4.20,307.60,28.622447,77.092839,10,FIX 3D
82,0.00,1013.25,14.70,0.00,4.10,4.02,-0.80,6.00,322.80,28.622430,77.092769,12,FIX 3D
82,0.00,1013.25,14.70,0.00,4.10,4.02,-0.80,6.00,322.80,28.622430,77.092769,12,FIX 3D
83,0.00,1013.25,15.00,0.00,4.10,4.02,-4.20,8.30,338.00,28.622363,77.092757,10,FIX 3D
83,0.00,1013.25,15.00,0.00,4.10,4.02,-4.20,8.30,338.00,28.622363,77.092757,10,FIX 3D
84,0.00,1013.25,15.10,0.00,4.10,4.02,-10.00,9.00,353.20,28.622319,77.092758,11,FIX 3D
84,0.00,1013.25,15.10,0.00,4.10,4.02,-10.00,9.00,353.20,28.622319,77.092758,11,FIX 3D
85,0.00,1013.25,15.20,0.00,4.10,4.01,-11.60,7.60,8.40,28.622365,77.092721,8,FIX 3D
85,0.00,1013.25,15.20,0.00,4.10,4.01,-11.60,7.60,8.40,28.622365,77.092721,8,FIX 3D
86,0.00,1013.25,15.10,0.00,4.09,4.01,-11.40,7.40,23.60,28.622439,77.092632,10,FIX 3D
86,0.00,1013.25,15.10,0.00,4.09,4.01,-11.40,7.40,23.60,28.622439,77.092632,10,FIX 3D
87,0.00,1013.25,15.20,0.00,4.09,4.01,-7.70,5.80,38.70,28.622492,77.092604,10,FIX 3D
87,0.00,1013.25,15.20,0.00,4.09,4.01,-7.70,5.80,38.70,28.622492,77.092604,10,FIX 3D
88,0.00,1013.25,14.90,0.00,4.09,4.01,-5.60,3.40,53.90,28.622563,77.092690,10,FIX 3D
88,0.00,1013.25,14.90,0.00,4.09,4.01,-5.60,3.40,53.90,28.622563,77.092690,10,FIX 3D
89,0.00,1013.25,15.10,0.00,4.09,4.01,-2.60,-0.20,69.10,28.622641,77.092737,11,FIX 3D
89,0.00,1013.25,15.10,0.00,4.09,4.01,-2.60,-0.20,69.10,28.622641,77.092737,11,FIX 3D
90,0.00,1013.25,15.10,0.00,4.09,4.01,2.50,-2.10,84.30,28.622706,77.092726,12,FIX 3D
90,0.00,1013.25,15.10,0.00,4.09,4.01,2.50,-2.10,84.30,28.622706,77.092726,12,FIX 3D
91,0.00,1013.25,14.90,0.00,4.09,4.01,6.80,-4.20,99.50,28.622777,77.092753,8,FIX 3D
91,0.00,1013.25,14.90,0.00,4.09,4.01,6.80,-4.20,99.50,28.622777,77.092753,8,FIX 3D
92,0.00,1013.25,14.80,0.00,4.09,4.01,9.20,-5.60,114.50,28.622709,77.092801,9,FIX 3D
92,0.00,1013.25,14.80,0.00,4.09,4.01,9.20,-5.60,114.50,28.622709,77.092801,9,FIX 3D
93,0.00,1013.25,15.10,0.00,4.09,4.01,11.90,-6.50,129.50,28.622786,77.092821,8,FIX 3D
93,0.00,1013.25,15.10,0.00,4.09,4.01,11.90,-6.50,129.50,28.622786,77.092821,8,FIX 3D
94,0.00,1013.25,14.90,0.00,4.09,4.01,8.10,-7.70,144.60,28.622781,77.092760,8,FIX 3D
94,0.00,1013.25,14.90,0.00,4.09,4.01,8.10,-7.70,144.60,28.622781,77.092760,8,FIX 3D
95,0.00,1013.25,15.10,0.00,4.09,4.01,7.40,-8.80,159.80,28.622772,77.092828,8,FIX 3D
95,0.00,1013.25,15.10,0.00,4.09,4.01,7.40,-8.80,159.80,28.622772,77.092828,8,FIX 3D
96,0.00,1013.25,14.80,0.00,4.09,4.01,5.50,-7.10,175.00,28.622746,77.092802,8,FIX 3D
96,0.00,1013.25,14.80,0.00,4.09,4.01,5.50,-7.10,175.00,28.622746,77.092802,8,FIX 3D
97,0.00,1013.25,14.80,0.00,4.09,4.01,-1.50,-6.00,190.20,28.622826,77.092782,9,FIX 3D
97,0.00,1013.25,14.80,0.00,4.09,4.01,-1.50,-6.00,190.20,28.622826,77.092782,9,FIX 3D
98,0.00,1013.25,14.70,0.00,4.10,4.01,-3.90,-4.50,205.40,28.622812,77.092759,10,FIX 3D
98,0.00,1013.25,14.70,0.00,4.10,4.01,-3.90,-4.50,205.40,28.622812,77.092759,10,FIX 3D
99,0.00,1013.25,14.70,0.00,4.10,4.02,-7.20,-0.30,220.60,28.622735,77.092800,12,FIX 3D
99,0.00,1013.25,14.70,0.00,4.10,4.02,-7.20,-0.30,220.60,28.622735,77.092800,12,FIX 3D
100,0.00,1013.25,14.70,0.00,4.10,4.02,-7.90,1.80,235.70,28.622687,77.092854,10,FIX 3D
100,0.00,1013.25,14.70,0.00,4.10,4.02,-7.90,1.80,235.70,28.622687,77.092854,10,FIX 3D
101,0.00,1013.25,15.20,0.00,4.10,4.02,-11.00,4.00,250.90,28.622655,77.092857,12,FIX 3D
101,0.00,1013.25,15.20,0.00,4.10,4.02,-11.00,4.00,250.90,28.622655,77.092857,12,FIX 3D
102,0.00,1013.25,14.90,0.00,4.11,4.03,-10.60,6.30,265.90,28.622601,77.092953,10,FIX 3D
102,0.00,1013.25,14.90,0.00,4.11,4.03,-10.60,6.30,265.90,28.622601,77.092953,10,FIX 3D
103,0.00,1013.25,14.90,0.00,4.11,4.03,-8.30,7.00,281.00,28.622693,77.092889,9,FIX 3D
103,0.00,1013.25,14.90,0.00,4.11,4.03,-8.30,7.00,281.00,28.622693,77.092889,9,FIX 3D
104,0.00,1013.25,15.30,0.00,4.11,4.03,-3.20,7.00,296.00,28.622675,77.092869,12,FIX 3D
104,0.00,1013.25,15.30,0.00,4.11,4.03,-3.20,7.00,296.00,28.622675,77.092869,12,FIX 3D
105,0.00,1013.25,15.20,0.00,4.12,4.03,0.90,7.40,311.10,28.622737,77.092863,9,FIX 3D
105,0.00,1013.25,15.20,0.00,4.12,4.03,0.90,7.40,311.10,28.622737,77.092863,9,FIX 3D
106,0.00,1013.25,15.10,0.00,4.12,4.04,4.30,8.10,326.20,28.622783,77.092874,8,FIX 3D
106,0.00,1013.25,15.10,0.00,4.12,4.04,4.30,8.10,326.20,28.622783,77.092874,8,FIX 3D
107,0.00,1013.25,15.10,0.00,4.12,4.04,8.00,5.70,341.40,28.622831,77.092918,8,FIX 3D
107,0.00,1013.25,15.10,0.00,4.12,4.04,8.00,5.70,341.40,28.622831,77.092918,8,FIX 3D
108,0.00,1013.25,15.30,0.00,4.13,4.04,9.20,4.40,356.40,28.622796,77.092842,12,FIX 3D
108,0.00,1013.25,15.30,0.00,4.13,4.04,9.20,4.40,356.40,28.622796,77.092842,12,FIX 3D
109,0.00,1013.25,15.20,0.00,4.13,4.05,9.40,2.20,11.60,28.622865,77.092917,11,FIX 3D
109,0.00,1013.25,15.20,0.00,4.13,4.05,9.40,2.20,11.60,28.622865,77.092917,11,FIX 3D
110,0.00,1013.25,14.90,0.00,4.13,4.05,10.30,-1.00,26.80,28.622882,77.092947,10,FIX 3D
110,0.00,1013.25,14.90,0.00,4.13,4.05,10.30,-1.00,26.80,28.622882,77.092947,10,FIX 3D
111,0.00,1013.25,14.80,0.00,4.13,4.05,6.50,-2.70,42.00,28.622816,77.092910,11,FIX 3D
111,0.00,1013.25,14.80,0.00,4.13,4.05,6.50,-2.70,42.00,28.622816,77.092910,11,FIX 3D
112,0.00,1013.25,14.70,0.00,4.14,4.05,1.20,-4.20,57.00,28.622739,77.092864,11,FIX 3D
112,0.00,1013.25,14.70,0.00,4.14,4.05,1.20,-4.20,57.00,28.622739,77.092864,11,FIX 3D
113,0.00,1013.25,15.10,0.00,4.14,4.06,-0.90,-6.70,72.00,28.622660,77.092769,9,FIX 3D
113,0.00,1013.25,15.10,0.00,4.14,4.06,-0.90,-6.70,72.00,28.622660,77.092769,9,FIX 3D
114,0.00,1013.25,15.00,0.00,4.14,4.06,-5.00,-6.70,87.20,28.622566,77.092858,9,FIX 3D
114,0.00,1013.25,15.00,0.00,4.14,4.06,-5.00,-6.70,87.20,28.622566,77.092858,9,FIX 3D
115,0.00,1013.25,14.90,0.00,4.14,4.06,-6.80,-7.30,102.40,28.622558,77.092948,11,FIX 3D
115,0.00,1013.25,14.90,0.00,4.14,4.06,-6.80,-7.30,102.40,28.622558,77.092948,11,FIX 3D
116,0.00,1013.25,15.00,0.00,4.14,4.06,-11.80,-8.70,117.50,28.622584,77.092960,9,FIX 3D
116,0.00,1013.25,15.00,0.00,4.14,4.06,-11.80,-8.70,117.50,28.622584,77.092960,9,FIX 3D
117,0.00,1013.25,14.80,0.00,4.14,4.06,-9.10,-6.10,132.60,28.622532,77.093048,9,FIX 3D
117,0.00,1013.25,14.80,0.00,4.14,4.06,-9.10,-6.10,132.60,28.622532,77.093048,9,FIX 3D
118,0.00,1013.25,14.80,0.00,4.14,4.06,-8.90,-4.60,147.80,28.622557,77.093036,12,FIX 3D
118,0.00,1013.25,14.80,0.00,4.14,4.06,-8.90,-4.60,147.80,28.622557,77.093036,12,FIX 3D
119,0.00,1013.25,15.10,0.00,4.14,4.06,-5.00,-2.40,163.00,28.622647,77.093065,8,FIX 3D
119,0.00,1013.25,15.10,0.00,4.14,4.06,-5.00,-2.40,163.00,28.622647,77.093065,8,FIX 3D
120,0.00,1013.25,15.10,0.00,4.14,4.06,-0.80,-1.70,178.10,28.622562,77.092970,11,FIX 3D
120,0.00,1013.25,15.10,0.00,4.14,4.06,-0.80,-1.70,178.10,28.622562,77.092970,11,FIX 3D
121,0.00,1013.25,14.90,0.00,4.14,4.06,2.50,1.10,193.40,28.622527,77.093005,11,FIX 3D
121,0.00,1013.25,14.90,0.00,4.14,4.06,2.50,1.10,193.40,28.622527,77.093005,11,FIX 3D
122,0.00,1013.25,15.00,0.00,4.14,4.06,6.40,2.90,208.50,28.622489,77.093086,8,FIX 3D
122,0.00,1013.25,15.00,0.00,4.14,4.06,6.40,2.90,208.50,28.622489,77.093086,8,FIX 3D
123,0.00,1013.25,14.70,0.00,4.14,4.06,8.00,6.00,223.70,28.622420,77.093136,10,FIX 3D
123,0.00,1013.25,14.70,0.00,4.14,4.06,8.00,6.00,223.70,28.622420,77.093136,10,FIX 3D
124,0.00,1013.25,15.10,0.00,4.14,4.06,10.30,6.50,238.90,28.622400,77.093198,12,FIX 3D
124,0.00,1013.25,15.10,0.00,4.14,4.06,10.30,6.50,238.90,28.622400,77.093198,12,FIX 3D
125,0.00,1013.25,14.70,0.00,4.14,4.05,8.00,8.10,254.00,28.622386,77.093235,9,FIX 3D
125,0.00,1013.25,14.70,0.00,4.14,4.05,8.00,8.10,254.00,28.622386,77.093235,9,FIX 3D
126,0.00,1013.25,14.70,0.00,4.13,4.05,9.20,8.90,269.20,28.622465,77.093273,10,FIX 3D
126,0.00,1013.25,14.70,0.00,4.13,4.05,9.20,8.90,269.20,28.622465,77.093273,10,FIX 3D
127,0.00,1013.25,15.20,0.00,4.13,4.05,3.00,6.60,284.40,28.622443,77.093263,9,FIX 3D
127,0.00,1013.25,15.20,0.00,4.13,4.05,3.00,6.60,284.40,28.622443,77.093263,9,FIX 3D
128,0.00,1013.25,14.90,0.00,4.13,4.04,0.70,6.00,299.60,28.622411,77.093182,12,FIX 3D
128,0.00,1013.25,14.90,0.00,4.13,4.04,0.70,6.00,299.60,28.622411,77.093182,12,FIX 3D
129,0.00,1013.25,15.20,0.00,4.12,4.04,-2.60,4.00,314.80,28.622325,77.093251,8,FIX 3D
129,0.00,1013.25,15.20,0.00,4.12,4.04,-2.60,4.00,314.80,28.622325,77.093251,8,FIX 3D
130,0.00,1013.25,14.70,0.00,4.12,4.04,-6.70,2.50,329.90,28.622256,77.093346,8,FIX 3D
130,0.00,1013.25,14.70,0.00,4.12,4.04,-6.70,2.50,329.90,28.622256,77.093346,8,FIX 3D
131,0.00,1013.25,15.10,0.00,4.11,4.03,-11.10,-0.40,344.90,28.622295,77.093375,11,FIX 3D
131,0.00,1013.25,15.10,0.00,4.11,4.03,-11.10,-0.40,344.90,28.622295,77.093375,11,FIX 3D
132,0.00,1013.25,14.80,0.00,4.11,4.03,-8.30,-3.00,0.10,28.622195,77.093398,8,FIX 3D
132,0.00,1013.25,14.80,0.00,4.11,4.03,-8.30,-3.00,0.10,28.622195,77.093398,8,FIX 3D
133,0.00,1013.25,14.80,0.00,4.11,4.02,-7.80,-4.30,15.30,28.622190,77.093323,8,FIX 3D
133,0.00,1013.25,14.80,0.00,4.11,4.02,-7.80,-4.30,15.30,28.622190,77.093323,8,FIX 3D
134,0.00,1013.25,15.30,0.00,4.10,4.02,-8.70,-6.20,30.30,28.622142,77.093304,12,FIX 3D
134,0.00,1013.25,15.30,0.00,4.10,4.02,-8.70,-6.20,30.30,28.622142,77.093304,12,FIX 3D
135,0.00,1013.25,15.30,0.00,4.10,4.01,-2.60,-8.60,45.40,28.622053,77.093319,12,FIX 3D
135,0.00,1013.25,15.30,0.00,4.10,4.01,-2.60,-8.60,45.40,28.622053,77.093319,12,FIX 3D
136,0.00,1013.25,14.70,0.00,4.09,4.01,-1.30,-7.80,60.60,28.622137,77.093302,11,FIX 3D
136,0.00,1013.25,14.70,0.00,4.09,4.01,-1.30,-7.80,60.60,28.622137,77.093302,11,FIX 3D
137,0.00,1013.25,14.80,0.00,4.09,4.00,4.20,-7.60,75.70,28.622227,77.093357,10,FIX 3D
137,0.00,1013.25,14.80,0.00,4.09,4.00,4.20,-7.60,75.70,28.622227,77.093357,10,FIX 3D
138,0.00,1013.25,14.80,0.00,4.08,4.00,6.00,-6.10,90.90,28.622138,77.093398,9,FIX 3D
138,0.00,1013.25,14.80,0.00,4.08,4.00,6.00,-6.10,90.90,28.622138,77.093398,9,FIX 3D
139,0.00,1013.25,14.80,0.00,4.08,3.99,10.20,-4.80,106.00,28.622140,77.093343,9,FIX 3D
139,0.00,1013.25,14.80,0.00,4.08,3.99,10.20,-4.80,106.00,28.622140,77.093343,9,FIX 3D
140,0.00,1013.25,15.10,0.00,4.07,3.99,10.00,-3.00,121.30,28.622125,77.093441,10,FIX 3D
140,0.00,1013.25,15.10,0.00,4.07,3.99,10.00,-3.00,121.30,28.622125,77.093441,10,FIX 3D
141,0.00,1013.25,15.00,0.00,4.07,3.99,9.10,-0.50,136.50,28.622172,77.093460,10,FIX 3D
141,0.00,1013.25,15.00,0.00,4.07,3.99,9.10,-0.50,136.50,28.622172,77.093460,10,FIX 3D
142,0.00,1013.25,14.70,0.00,4.06,3.98,4.40,1.90,151.70,28.622156,77.093518,8,FIX 3D
142,0.00,1013.25,14.70,0.00,4.06,3.98,4.40,1.90,151.70,28.622156,77.093518,8,FIX 3D
143,0.00,1013.25,15.10,0.00,4.06,3.98,3.80,4.20,166.80,28.622227,77.093559,8,FIX 3D
143,0.00,1013.25,15.10,0.00,4.06,3.98,3.80,4.20,166.80,28.622227,77.093559,8,FIX 3D
144,0.00,1013.25,14.80,0.00,4.06,3.97,-1.40,6.50,181.90,28.622144,77.093460,12,FIX 3D
144,0.00,1013.25,14.80,0.00,4.06,3.97,-1.40,6.50,181.90,28.622144,77.093460,12,FIX 3D
145,0.00,1013.25,14.70,0.00,4.05,3.97,-4.80,7.10,196.90,28.622186,77.093449,9,FIX 3D
145,0.00,1013.25,14.70,0.00,4.05,3.97,-4.80,7.10,196.90,28.622186,77.093449,9,FIX 3D
146,0.00,1013.25,14.90,0.00,4.05,3.97,-7.20,7.70,212.10,28.622202,77.093480,8,FIX 3D
146,0.00,1013.25,14.90,0.00,4.05,3.97,-7.20,7.70,212.10,28.622202,77.093480,8,FIX 3D
147,0.00,1013.25,15.00,0.00,4.05,3.97,-9.80,7.60,227.30,28.622263,77.093456,12,FIX 3D
147,0.00,1013.25,15.00,0.00,4.05,3.97,-9.80,7.60,227.30,28.622263,77.093456,12,FIX 3D
148,0.00,1013.25,15.00,0.00,4.04,3.96,-9.50,7.70,242.50,28.622295,77.093364,11,FIX 3D
148,0.00,1013.25,15.00,0.00,4.04,3.96,-9.50,7.70,242.50,28.622295,77.093364,11,FIX 3D
149,0.00,1013.25,15.20,0.00,4.04,3.96,-10.20,5.50,257.50,28.622303,77.093316,8,FIX 3D
149,0.00,1013.25,15.20,0.00,4.04,3.96,-10.20,5.50,257.50,28.622303,77.093316,8,FIX 3D
150,0.00,1013.25,14.90,0.00,4.04,3.96,-6.90,2.60,272.60,28.622225,77.093316,9,FIX 3D
150,0.00,1013.25,14.90,0.00,4.04,3.96,-6.90,2.60,272.60,28.622225,77.093316,9,FIX 3D
151,0.00,1013.25,14.80,0.00,4.04,3.96,-0.60,0.80,287.60,28.622324,77.093314,10,FIX 3D
151,0.00,1013.25,14.80,0.00,4.04,3.96,-0.60,0.80,287.60,28.622324,77.093314,10,FIX 3D
152,0.00,1013.25,15.10,0.00,4.04,3.96,1.00,-1.10,302.70,28.622338,77.093344,11,FIX 3D
152,0.00,1013.25,15.10,0.00,4.04,3.96,1.00,-1.10,302.70,28.622338,77.093344,11,FIX 3D
153,0.00,1013.25,14.70,0.00,4.04,3.96,5.00,-3.00,317.90,28.622332,77.093396,11,FIX 3D
153,0.00,1013.25,14.70,0.00,4.04,3.96,5.00,-3.00,317.90,28.622332,77.093396,11,FIX 3D
154,0.00,1013.25,15.00,0.00,4.04,3.96,7.50,-4.60,333.10,28.622249,77.093494,8,FIX 3D
154,0.00,1013.25,15.00,0.00,4.04,3.96,7.50,-4.60,333.10,28.622249,77.093494,8,FIX 3D
155,0.00,1013.25,15.00,0.00,4.04,3.96,10.20,-7.80,348.40,28.622204,77.093407,9,FIX 3D
155,0.00,1013.25,15.00,0.00,4.04,3.96,10.20,-7.80,348.40,28.622204,77.093407,9,FIX 3D
156,0.00,1013.25,15.00,0.00,4.04,3.96,9.10,-8.60,3.40,28.622233,77.093357,9,FIX 3D
156,0.00,1013.25,15.00,0.00,4.04,3.96,9.10,-8.60,3.40,28.622233,77.093357,9,FIX 3D
157,0.00,1013.25,15.00,0.00,4.04,3.96,8.80,-7.10,18.60,28.622307,77.093262,10,FIX 3D
157,0.00,1013.25,15.00,0.00,4.04,3.96,8.80,-7.10,18.60,28.622307,77.093262,10,FIX 3D
158,0.00,1013.25,15.00,0.00,4.04,3.96,5.20,-6.50,33.70,28.622224,77.093233,10,FIX 3D
158,0.00,1013.25,15.00,0.00,4.04,3.96,5.20,-6.50,33.70,28.622224,77.093233,10,FIX 3D
159,0.00,1013.25,14.90,0.00,4.04,3.96,2.50,-5.00,48.80,28.622202,77.093182,12,FIX 3D
159,0.00,1013.25,14.90,0.00,4.04,3.96,2.50,-5.00,48.80,28.622202,77.093182,12,FIX 3D
160,0.00,1013.25,15.00,0.00,4.05,3.97,-1.60,-3.80,63.90,28.622218,77.093110,8,FIX 3D
160,0.00,1013.25,15.00,0.00,4.05,3.97,-1.60,-3.80,63.90,28.622218,77.093110,8,FIX 3D
161,0.00,1013.25,15.20,0.00,4.05,3.97,-8.00,-1.90,79.10,28.622271,77.093041,9,FIX 3D
161,0.00,1013.25,15.20,0.00,4.05,3.97,-8.00,-1.90,79.10,28.622271,77.093041,9,FIX 3D
162,0.00,1013.25,15.00,0.00,4.05,3.97,-10.20,0.90,94.20,28.622273,77.093045,11,FIX 3D
162,0.00,1013.25,15.00,0.00,4.05,3.97,-10.20,0.90,94.20,28.622273,77.093045,11,FIX 3D
163,0.00,1013.25,15.20,0.00,4.05,3.97,-9.90,2.80,109.40,28.622306,77.093133,11,FIX 3D
163,0.00,1013.25,15.20,0.00,4.05,3.97,-9.90,2.80,109.40,28.622306,77.093133,11,FIX 3D
164,0.00,1013.25,14.80,0.00,4.06,3.98,-9.00,5.40,124.60,28.622271,77.093225,11,FIX 3D
164,0.00,1013.25,14.80,0.00,4.06,3.98,-9.00,5.40,124.60,28.622271,77.093225,11,FIX 3D
165,0.00,1013.25,14.90,0.00,4.06,3.98,-7.40,6.60,139.80,28.622316,77.093306,11,FIX 3D
165,0.00,1013.25,14.90,0.00,4.06,3.98,-7.40,6.60,139.80,28.622316,77.093306,11,FIX 3D
166,0.00,1013.25,14.90,0.00,4.06,3.98,-3.30,8.10,155.00,28.622316,77.093327,9,FIX 3D
166,0.00,1013.25,14.90,0.00,4.06,3.98,-3.30,8.10,155.00,28.622316,77.093327,9,FIX 3D
167,0.00,1013.25,15.10,0.00,4.07,3.99,1.80,8.30,170.20,28.622359,77.093412,11,FIX 3D
167,0.00,1013.25,15.10,0.00,4.07,3.99,1.80,8.30,170.20,28.622359,77.093412,11,FIX 3D
168,0.00,1013.25,14.90,0.00,4.07,3.99,3.60,7.10,185.50,28.622457,77.093361,10,FIX 3D
168,0.00,1013.25,14.90,0.00,4.07,3.99,3.60,7.10,185.50,28.622457,77.093361,10,FIX 3D
169,0.00,1013.25,14.90,0.00,4.07,3.99,5.50,6.10,200.70,28.622461,77.093403,9,FIX 3D
169,0.00,1013.25,14.90,0.00,4.07,3.99,5.50,6.10,200.70,28.622461,77.093403,9,FIX 3D
170,0.00,1013.25,14.80,0.00,4.08,3.99,10.90,4.00,215.80,28.622516,77.093364,11,FIX 3D
170,0.00,1013.25,14.80,0.00,4.08,3.99,10.90,4.00,215.80,28.622516,77.093364,11,FIX 3D
171,0.00,1013.25,15.10,0.00,4.08,4.00,9.30,3.20,230.80,28.622496,77.093446,11,FIX 3D
171,0.00,1013.25,15.10,0.00,4.08,4.00,9.30,3.20,230.80,28.622496,77.093446,11,FIX 3D
172,0.00,1013.25,15.00,0.00,4.08,4.00,8.60,1.10,245.90,28.622583,77.093418,8,FIX 3D
172,0.00,1013.25,15.00,0.00,4.08,4.00,8.60,1.10,245.90,28.622583,77.093418,8,FIX 3D
173,0.00,1013.25,15.20,0.00,4.08,4.00,7.40,-1.40,261.10,28.622648,77.093393,8,FIX 3D
173,0.00,1013.25,15.20,0.00,4.08,4.00,7.40,-1.40,261.10,28.622648,77.093393,8,FIX 3D
174,0.00,1013.25,14.90,0.00,4.09,4.01,2.60,-3.50,276.30,28.622742,77.093453,12,FIX 3D
174,0.00,1013.25,14.90,0.00,4.09,4.01,2.60,-3.50,276.30,28.622742,77.093453,12,FIX 3D
175,0.00,1013.25,14.90,0.00,4.09,4.01,0.70,-5.50,291.50,28.622802,77.093422,8,FIX 3D
175,0.00,1013.25,14.90,0.00,4.09,4.01,0.70,-5.50,291.50,28.622802,77.093422,8,FIX 3D
176,0.00,1013.25,14.80,0.00,4.09,4.01,-3.10,-8.00,306.70,28.622869,77.093402,11,FIX 3D
176,0.00,1013.25,14.80,0.00,4.09,4.01,-3.10,-8.00,306.70,28.622869,77.093402,11,FIX 3D
177,0.00,1013.25,14.90,0.00,4.09,4.01,-9.70,-7.40,321.70,28.622807,77.093317,8,FIX 3D
177,0.00,1013.25,14.90,0.00,4.09,4.01,-9.70,-7.40,321.70,28.622807,77.093317,8,FIX 3D
178,0.00,1013.25,15.00,0.00,4.09,4.01,-11.00,-8.00,336.70,28.622854,77.093256,11,FIX 3D
178,0.00,1013.25,15.00,0.00,4.09,4.01,-11.00,-8.00,336.70,28.622854,77.093256,11,FIX 3D
179,0.00,1013.25,15.30,0.00,4.09,4.01,-10.60,-6.40,351.70,28.622812,77.093325,12,FIX 3D
179,0.00,1013.25,15.30,0.00,4.09,4.01,-10.60,-6.40,351.70,28.622812,77.093325,12,FIX 3D
180,0.00,1013.25,14.70,0.00,4.09,4.01,-6.60,-6.60,6.90,28.622908,77.093410,11,FIX 3D
180,0.00,1013.25,14.70,0.00,4.09,4.01,-6.60,-6.60,6.90,28.622908,77.093410,11,FIX 3D
181,0.00,1013.25,15.10,0.00,4.09,4.01,-5.60,-3.30,22.10,28.622949,77.093395,9,FIX 3D
181,0.00,1013.25,15.10,0.00,4.09,4.01,-5.60,-3.30,22.10,28.622949,77.093395,9,FIX 3D
182,0.00,1013.25,15.20,0.00,4.09,4.01,-2.40,-2.10,37.20,28.622852,77.093331,11,FIX 3D
182,0.00,1013.25,15.20,0.00,4.09,4.01,-2.40,-2.10,37.20,28.622852,77.093331,11,FIX 3D
183,0.00,1013.25,14.80,0.00,4.09,4.01,2.50,0.70,52.40,28.622778,77.093379,12,FIX 3D
183,0.00,1013.25,14.80,0.00,4.09,4.01,2.50,0.70,52.40,28.622778,77.093379,12,FIX 3D
184,0.00,1013.25,14.80,0.00,4.09,4.01,6.20,3.50,67.70,28.622792,77.093299,9,FIX 3D
184,0.00,1013.25,14.80,0.00,4.09,4.01,6.20,3.50,67.70,28.622792,77.093299,9,FIX 3D
185,0.00,1013.25,15.00,0.00,4.09,4.01,9.10,6.00,82.80,28.622733,77.093382,10,FIX 3D
185,0.00,1013.25,15.00,0.00,4.09,4.01,9.10,6.00,82.80,28.622733,77.093382,10,FIX 3D
186,0.00,1013.25,15.30,0.00,4.09,4.01,10.10,6.00,97.90,28.622704,77.093392,9,FIX 3D
186,0.00,1013.25,15.30,0.00,4.09,4.01,10.10,6.00,97.90,28.622704,77.093392,9,FIX 3D
187,0.00,1013.25,14.90,0.00,4.09,4.00,7.80,8.10,113.10,28.622725,77.093389,9,FIX 3D
187,0.00,1013.25,14.90,0.00,4.09,4.00,7.80,8.10,113.10,28.622725,77.093389,9,FIX 3D
188,0.00,1013.25,15.10,0.00,4.08,4.00,7.40,8.00,128.30,28.622773,77.093396,10,FIX 3D
188,0.00,1013.25,15.10,0.00,4.08,4.00,7.40,8.00,128.30,28.622773,77.093396,10,FIX 3D
189,0.00,1013.25,14.80,0.00,4.08,4.00,4.20,7.50,143.30,28.622765,77.093310,9,FIX 3D
189,0.00,1013.25,14.80,0.00,4.08,4.00,4.20,7.50,143.30,28.622765,77.093310,9,FIX 3D
190,0.00,1013.25,15.00,0.00,4.08,4.00,1.40,5.40,158.50,28.622747,77.093319,10,FIX 3D
190,0.00,1013.25,15.00,0.00,4.08,4.00,1.40,5.40,158.50,28.622747,77.093319,10,FIX 3D
191,0.00,1013.25,14.90,0.00,4.07,3.99,-1.10,4.70,173.60,28.622663,77.093249,11,FIX 3D
191,0.00,1013.25,14.90,0.00,4.07,3.99,-1.10,4.70,173.60,28.622663,77.093249,11,FIX 3D
192,0.00,1013.25,15.10,0.00,4.07,3.99,-5.20,2.80,188.70,28.622602,77.093296,8,FIX 3D
192,0.00,1013.25,15.10,0.00,4.07,3.99,-5.20,2.80,188.70,28.622602,77.093296,8,FIX 3D
193,0.00,1013.25,14.80,0.00,4.07,3.98,-10.70,-1.00,203.90,28.622562,77.093251,12,FIX 3D
193,0.00,1013.25,14.80,0.00,4.07,3.98,-10.70,-1.00,203.90,28.622562,77.093251,12,FIX 3D
194,0.00,1013.25,14.80,0.00,4.06,3.98,-9.10,-1.60,218.90,28.622572,77.093348,10,FIX 3D
194,0.00,1013.25,14.80,0.00,4.06,3.98,-9.10,-1.60,218.90,28.622572,77.093348,10,FIX 3D
195,0.00,1013.25,15.20,0.00,4.06,3.98,-8.60,-4.20,234.00,28.622539,77.093267,9,FIX 3D
195,0.00,1013.25,15.20,0.00,4.06,3.98,-8.60,-4.20,234.00,28.622539,77.093267,9,FIX 3D
196,0.00,1013.25,14.80,0.00,4.05,3.97,-6.40,-5.50,249.00,28.622550,77.093250,11,FIX 3D
196,0.00,1013.25,14.80,0.00,4.05,3.97,-6.40,-5.50,249.00,28.622550,77.093250,11,FIX 3D
197,0.00,1013.25,14.80,0.00,4.05,3.97,-2.80,-8.50,264.00,28.622523,77.093247,9,FIX 3D
197,0.00,1013.25,14.80,0.00,4.05,3.97,-2.80,-8.50,264.00,28.622523,77.093247,9,FIX 3D
198,0.00,1013.25,15.00,0.00,4.04,3.96,-0.50,-7.70,279.30,28.622440,77.093202,11,FIX 3D
198,0.00,1013.25,15.00,0.00,4.04,3.96,-0.50,-7.70,279.30,28.622440,77.093202,11,FIX 3D
199,0.00,1013.25,14.90,0.00,4.04,3.96,1.90,-7.80,294.50,28.622538,77.093292,12,FIX 3D
199,0.00,1013.25,14.90,0.00,4.04,3.96,1.90,-7.80,294.50,28.622538,77.093292,12,FIX 3D
200,0.00,1013.25,14.80,0.00,4.03,3.95,5.70,-7.60,309.70,28.622636,77.093267,12,FIX 3D
200,0.00,1013.25,14.80,0.00,4.03,3.95,5.70,-7.60,309.70,28.622636,77.093267,12,FIX 3D
201,0.00,1013.25,15.10,0.00,4.03,3.95,9.40,-5.00,324.80,28.622550,77.093342,9,FIX 3D
201,0.00,1013.25,15.10,0.00,4.03,3.95,9.40,-5.00,324.80,28.622550,77.093342,9,FIX 3D
202,0.00,1013.25,14.70,0.00,4.02,3.94,9.50,-3.30,340.00,28.622591,77.093322,12,FIX 3D
202,0.00,1013.25,14.70,0.00,4.02,3.94,9.50,-3.30,340.00,28.622591,77.093322,12,FIX 3D
203,0.00,1013.25,15.30,0.00,4.02,3.94,7.80,-0.40,355.20,28.622589,77.093356,11,FIX 3D
203,0.00,1013.25,15.30,0.00,4.02,3.94,7.80,-0.40,355.20,28.622589,77.093356,11,FIX 3D
204,0.00,1013.25,14.90,0.00,4.01,3.93,8.90,1.50,10.20,28.622684,77.093382,12,FIX 3D
204,0.00,1013.25,14.90,0.00,4.01,3.93,8.90,1.50,10.20,28.622684,77.093382,12,FIX 3D
205,0.00,1013.25,15.30,0.00,4.01,3.93,5.40,4.60,25.30,28.622606,77.093344,11,FIX 3D
205,0.00,1013.25,15.30,0.00,4.01,3.93,5.40,4.60,25.30,28.622606,77.093344,11,FIX 3D
206,0.00,1013.25,15.30,0.00,4.01,3.93,-2.00,6.00,40.40,28.622528,77.093342,8,FIX 3D
206,0.00,1013.25,15.30,0.00,4.01,3.93,-2.00,6.00,40.40,28.622528,77.093342,8,FIX 3D
207,0.00,1013.25,14.80,0.00,4.00,3.92,-3.20,7.90,55.60,28.622431,77.093438,8,FIX 3D
207,0.00,1013.25,14.80,0.00,4.00,3.92,-3.20,7.90,55.60,28.622431,77.093438,8,FIX 3D
208,0.00,1013.25,14.80,0.00,4.00,3.92,-8.90,8.00,70.90,28.622420,77.093468,9,FIX 3D
208,0.00,1013.25,14.80,0.00,4.00,3.92,-8.90,8.00,70.90,28.622420,77.093468,9,FIX 3D
209,0.00,1013.25,15.20,0.00,4.00,3.92,-8.60,7.60,85.90,28.622449,77.093475,11,FIX 3D
209,0.00,1013.25,15.20,0.00,4.00,3.92,-8.60,7.60,85.90,28.622449,77.093475,11,FIX 3D
210,0.00,1013.25,15.10,0.00,3.99,3.91,-10.00,6.30,101.00,28.622546,77.093445,9,FIX 3D
210,0.00,1013.25,15.10,0.00,3.99,3.91,-10.00,6.30,101.00,28.622546,77.093445,9,FIX 3D
211,0.00,1013.25,14.90,0.00,3.99,3.91,-8.70,6.40,116.00,28.622584,77.093441,12,FIX 3D
211,0.00,1013.25,14.90,0.00,3.99,3.91,-8.70,6.40,116.00,28.622584,77.093441,12,FIX 3D
212,0.00,1013.25,15.30,0.00,3.99,3.91,-7.90,4.80,131.10,28.622492,77.093442,8,FIX 3D
212,0.00,1013.25,15.30,0.00,3.99,3.91,-7.90,4.80,131.10,28.622492,77.093442,8,FIX 3D
213,0.00,1013.25,14.70,0.00,3.99,3.91,-3.50,1.60,146.30,28.622571,77.093446,9,FIX 3D
213,0.00,1013.25,14.70,0.00,3.99,3.91,-3.50,1.60,146.30,28.622571,77.093446,9,FIX 3D
214,0.00,1013.25,15.10,0.00,3.99,3.91,3.00,-1.20,161.50,28.622481,77.093352,11,FIX 3D
214,0.00,1013.25,15.10,0.00,3.99,3.91,3.00,-1.20,161.50,28.622481,77.093352,11,FIX 3D
215,0.00,1013.25,14.70,0.00,3.99,3.91,6.70,-2.30,176.70,28.622431,77.093275,9,FIX 3D
215,0.00,1013.25,14.70,0.00,3.99,3.91,6.70,-2.30,176.70,28.622431,77.093275,9,FIX 3D
216,0.00,1013.25,14.80,0.00,3.99,3.91,9.30,-4.40,191.70,28.622470,77.093268,11,FIX 3D
216,0.00,1013.25,14.80,0.00,3.99,3.91,9.30,-4.40,191.70,28.622470,77.093268,11,FIX 3D
217,0.00,1013.25,15.00,0.00,3.99,3.91,8.40,-7.30,206.70,28.622542,77.093289,11,FIX 3D
217,0.00,1013.25,15.00,0.00,3.99,3.91,8.40,-7.30,206.70,28.622542,77.093289,11,FIX 3D
218,0.00,1013.25,15.10,0.00,3.99,3.91,11.60,-8.20,221.90,28.622618,77.093234,11,FIX 3D
218,0.00,1013.25,15.10,0.00,3.99,3.91,11.60,-8.20,221.90,28.622618,77.093234,11,FIX 3D
219,0.00,1013.25,14.80,0.00,3.99,3.91,8.90,-7.00,236.90,28.622520,77.093279,11,FIX 3D
219,0.00,1013.25,14.80,0.00,3.99,3.91,8.90,-7.00,236.90,28.622520,77.093279,11,FIX 3D
220,0.00,1013.25,15.10,0.00,3.99,3.91,5.30,-8.00,252.10,28.622429,77.093234,12,FIX 3D
220,0.00,1013.25,15.10,0.00,3.99,3.91,5.30,-8.00,252.10,28.622429,77.093234,12,FIX 3D
221,0.00,1013.25,15.20,0.00,3.99,3.91,2.70,-7.10,267.30,28.622383,77.093204,11,FIX 3D
221,0.00,1013.25,15.20,0.00,3.99,3.91,2.70,-7.10,267.30,28.622383,77.093204,11,FIX 3D
222,0.00,1013.25,15.10,0.00,4.00,3.92,-0.80,-4.90,282.50,28.622351,77.093132,9,FIX 3D
222,0.00,1013.25,15.10,0.00,4.00,3.92,-0.80,-4.90,282.50,28.622351,77.093132,9,FIX 3D
223,0.00,1013.25,15.00,0.00,4.00,3.92,-7.70,-2.80,297.70,28.622315,77.093142,12,FIX 3D
223,0.00,1013.25,15.00,0.00,4.00,3.92,-7.70,-2.80,297.70,28.622315,77.093142,12,FIX 3D
224,0.00,1013.25,14.80,0.00,4.00,3.92,-6.70,-0.80,312.90,28.622231,77.093067,8,FIX 3D
224,0.00,1013.25,14.80,0.00,4.00,3.92,-6.70,-0.80,312.90,28.622231,77.093067,8,FIX 3D
225,0.00,1013.25,15.00,0.00,4.00,3.92,-11.60,2.10,328.10,28.622133,77.093016,9,FIX 3D
225,0.00,1013.25,15.00,0.00,4.00,3.92,-11.60,2.10,328.10,28.622133,77.093016,9,FIX 3D
226,0.00,1013.25,14.90,0.00,4.01,3.93,-11.30,5.20,343.30,28.622167,77.092945,8,FIX 3D
226,0.00,1013.25,14.90,0.00,4.01,3.93,-11.30,5.20,343.30,28.622167,77.092945,8,FIX 3D
227,0.00,1013.25,15.00,0.00,4.01,3.93,-7.50,6.00,358.40,28.622205,77.092942,12,FIX 3D
227,0.00,1013.25,15.00,0.00,4.01,3.93,-7.50,6.00,358.40,28.622205,77.092942,12,FIX 3D
228,0.00,1013.25,14.80,0.00,4.01,3.93,-5.20,7.00,13.50,28.622274,77.092854,8,FIX 3D
228,0.00,1013.25,14.80,0.00,4.01,3.93,-5.20,7.00,13.50,28.622274,77.092854,8,FIX 3D
229,0.00,1013.25,14.70,0.00,4.02,3.94,-1.20,8.40,28.70,28.622255,77.092887,11,FIX 3D
229,0.00,1013.25,14.70,0.00,4.02,3.94,-1.20,8.40,28.70,28.622255,77.092887,11,FIX 3D
230,0.00,1013.25,14.80,0.00,4.02,3.94,1.70,8.00,43.90,28.622328,77.092966,11,FIX 3D
230,0.00,1013.25,14.80,0.00,4.02,3.94,1.70,8.00,43.90,28.622328,77.092966,11,FIX 3D
231,0.00,1013.25,15.00,0.00,4.02,3.94,5.50,6.80,59.00,28.622266,77.092992,11,FIX 3D
231,0.00,1013.25,15.00,0.00,4.02,3.94,5.50,6.80,59.00,28.622266,77.092992,11,FIX 3D
232,0.00,1013.25,14.80,0.00,4.03,3.94,8.90,6.30,74.20,28.622310,77.092920,8,FIX 3D
232,0.00,1013.25,14.80,0.00,4.03,3.94,8.90,6.30,74.20,28.622310,77.092920,8,FIX 3D
233,0.00,1013.25,14.70,0.00,4.03,3.95,8.00,3.20,89.40,28.622264,77.092839,10,FIX 3D
233,0.00,1013.25,14.70,0.00,4.03,3.95,8.00,3.20,89.40,28.622264,77.092839,10,FIX 3D
234,0.00,1013.25,14.90,0.00,4.03,3.95,11.20,0.10,104.60,28.622312,77.092901,10,FIX 3D
234,0.00,1013.25,14.90,0.00,4.03,3.95,11.20,0.10,104.60,28.622312,77.092901,10,FIX 3D
235,0.00,1013.25,14.90,0.00,4.03,3.95,9.30,-0.70,119.70,28.622224,77.092974,9,FIX 3D
235,0.00,1013.25,14.90,0.00,4.03,3.95,9.30,-0.70,119.70,28.622224,77.092974,9,FIX 3D
236,0.00,1013.25,15.00,0.00,4.04,3.96,5.40,-4.20,134.90,28.622270,77.092942,10,FIX 3D
236,0.00,1013.25,15.00,0.00,4.04,3.96,5.40,-4.20,134.90,28.622270,77.092942,10,FIX 3D
237,0.00,1013.25,15.20,0.00,4.04,3.96,-1.30,-6.20,150.20,28.622244,77.092983,11,FIX 3D
237,0.00,1013.25,15.20,0.00,4.04,3.96,-1.30,-6.20,150.20,28.622244,77.092983,11,FIX 3D
238,0.00,1013.25,15.00,0.00,4.04,3.96,-4.10,-6.70,165.30,28.622272,77.093048,8,FIX 3D
238,0.00,1013.25,15.00,0.00,4.04,3.96,-4.10,-6.70,165.30,28.622272,77.093048,8,FIX 3D
239,0.00,1013.25,14.80,0.00,4.04,3.96,-5.50,-8.10,180.50,28.622247,77.093087,11,FIX 3D
239,0.00,1013.25,14.80,0.00,4.04,3.96,-5.50,-8.10,180.50,28.622247,77.093087,11,FIX 3D
240,0.00,1013.25,14.70,0.00,4.04,3.96,-9.30,-8.80,195.70,28.622207,77.093144,9,FIX 3D
240,0.00,1013.25,14.70,0.00,4.04,3.96,-9.30,-8.80,195.70,28.622207,77.093144,9,FIX 3D
241,0.00,1013.25,15.00,0.00,4.04,3.96,-9.90,-7.40,210.90,28.622282,77.093130,10,FIX 3D
241,0.00,1013.25,15.00,0.00,4.04,3.96,-9.90,-7.40,210.90,28.622282,77.093130,10,FIX 3D
242,0.00,1013.25,14.80,0.00,4.04,3.96,-10.60,-6.70,226.10,28.622212,77.093184,8,FIX 3D
242,0.00,1013.25,14.80,0.00,4.04,3.96,-10.60,-6.70,226.10,28.622212,77.093184,8,FIX 3D
243,0.00,1013.25,14.90,0.00,4.04,3.96,-7.10,-4.20,241.30,28.622234,77.093133,11,FIX 3D
243,0.00,1013.25,14.90,0.00,4.04,3.96,-7.10,-4.20,241.30,28.622234,77.093133,11,FIX 3D
244,0.00,1013.25,15.10,0.00,4.04,3.96,-4.80,-1.00,256.30,28.622135,77.093157,11,FIX 3D
244,0.00,1013.25,15.10,0.00,4.04,3.96,-4.80,-1.00,256.30,28.622135,77.093157,11,FIX 3D
245,0.00,1013.25,15.20,0.00,4.04,3.96,0.20,0.80,271.50,28.622150,77.093059,12,FIX 3D
245,0.00,1013.25,15.20,0.00,4.04,3.96,0.20,0.80,271.50,28.622150,77.093059,12,FIX 3D
246,0.00,1013.25,14.90,0.00,4.04,3.96,6.70,3.80,286.70,28.622174,77.093028,8,FIX 3D
246,0.00,1013.25,14.90,0.00,4.04,3.96,6.70,3.80,286.70,28.622174,77.093028,8,FIX 3D
247,0.00,1013.25,15.30,0.00,4.04,3.96,8.80,6.00,302.00,28.622165,77.093126,10,FIX 3D
247,0.00,1013.25,15.30,0.00,4.04,3.96,8.80,6.00,302.00,28.622165,77.093126,10,FIX 3D
248,0.00,1013.25,15.30,0.00,4.04,3.96,10.90,6.10,317.20,28.622196,77.093187,12,FIX 3D
248,0.00,1013.25,15.30,0.00,4.04,3.96,10.90,6.10,317.20,28.622196,77.093187,12,FIX 3D
249,0.00,1013.25,14.80,0.00,4.04,3.96,11.00,7.30,332.40,28.622129,77.093204,10,FIX 3D
249,0.00,1013.25,14.80,0.00,4.04,3.96,11.00,7.30,332.40,28.622129,77.093204,10,FIX 3D
250,0.00,1013.25,15.00,0.00,4.03,3.95,7.40,8.20,347.60,28.622186,77.093232,12,FIX 3D
250,0.00,1013.25,15.00,0.00,4.03,3.95,7.40,8.20,347.60,28.622186,77.093232,12,FIX 3D
251,0.00,1013.25,15.20,0.00,4.03,3.95,5.80,6.80,2.70,28.622237,77.093242,8,FIX 3D
251,0.00,1013.25,15.20,0.00,4.03,3.95,5.80,6.80,2.70,28.622237,77.093242,8,FIX 3D
252,0.00,1013.25,14.90,0.00,4.03,3.95,0.60,7.00,17.90,28.622330,77.093332,8,FIX 3D
252,0.00,1013.25,14.90,0.00,4.03,3.95,0.60,7.00,17.90,28.622330,77.093332,8,FIX 3D
253,0.00,1013.25,14.80,0.00,4.02,3.94,-1.20,5.40,33.20,28.622277,77.093318,11,FIX 3D
253,0.00,1013.25,14.80,0.00,4.02,3.94,-1.20,5.40,33.20,28.622277,77.093318,11,FIX 3D
254,0.00,1013.25,15.20,0.00,4.02,3.94,-4.10,3.20,48.40,28.622375,77.093230,12,FIX 3D
254,0.00,1013.25,15.20,0.00,4.02,3.94,-4.10,3.20,48.40,28.622375,77.093230,12,FIX 3D
255,0.00,1013.25,14.80,0.00,4.02,3.94,-8.00,0.30,63.50,28.622471,77.093326,9,FIX 3D
255,0.00,1013.25,14.80,0.00,4.02,3.94,-8.00,0.30,63.50,28.622471,77.093326,9,FIX 3D
256,0.00,1013.25,14.70,0.00,4.01,3.93,-11.20,-2.80,78.70,28.622501,77.093345,11,FIX 3D
256,0.00,1013.25,14.70,0.00,4.01,3.93,-11.20,-2.80,78.70,28.622501,77.093345,11,FIX 3D
257,0.00,1013.25,15.20,0.00,4.01,3.93,-10.60,-3.60,93.90,28.622450,77.093420,8,FIX 3D
257,0.00,1013.25,15.20,0.00,4.01,3.93,-10.60,-3.60,93.90,28.622450,77.093420,8,FIX 3D
258,0.00,1013.25,14.70,0.00,4.00,3.92,-6.30,-6.10,109.00,28.622439,77.093363,12,FIX 3D
258,0.00,1013.25,14.70,0.00,4.00,3.92,-6.30,-6.10,109.00,28.622439,77.093363,12,FIX 3D
259,0.00,1013.25,15.20,0.00,4.00,3.92,-5.50,-7.20,124.40,28.622476,77.093439,10,FIX 3D
259,0.00,1013.25,15.20,0.00,4.00,3.92,-5.50,-7.20,124.40,28.622476,77.093439,10,FIX 3D
260,0.00,1013.25,15.10,0.00,3.99,3.91,-3.10,-7.10,139.40,28.622428,77.093430,9,FIX 3D
260,0.00,1013.25,15.10,0.00,3.99,3.91,-3.10,-7.10,139.40,28.622428,77.093430,9,FIX 3D
261,0.00,1013.25,15.30,0.00,3.99,3.91,4.00,-8.10,154.60,28.622418,77.093402,10,FIX 3D
261,0.00,1013.25,15.30,0.00,3.99,3.91,4.00,-8.10,154.60,28.622418,77.093402,10,FIX 3D
262,0.00,1013.25,14.80,0.00,3.98,3.90,5.70,-6.30,169.80,28.622409,77.093453,12,FIX 3D
262,0.00,1013.25,14.80,0.00,3.98,3.90,5.70,-6.30,169.80,28.622409,77.093453,12,FIX 3D
263,0.00,1013.25,14.90,0.00,3.98,3.90,9.00,-5.90,185.00,28.622353,77.093371,12,FIX 3D
263,0.00,1013.25,14.90,0.00,3.98,3.90,9.00,-5.90,185.00,28.622353,77.093371,12,FIX 3D
264,0.00,1013.25,14.90,0.00,3.97,3.89,8.30,-3.80,200.20,28.622422,77.093375,10,FIX 3D
264,0.00,1013.25,14.90,0.00,3.97,3.89,8.30,-3.80,200.20,28.622422,77.093375,10,FIX 3D
265,0.00,1013.25,15.20,0.00,3.97,3.89,9.10,-1.00,215.30,28.622456,77.093449,9,FIX 3D
265,0.00,1013.25,15.20,0.00,3.97,3.89,9.10,-1.00,215.30,28.622456,77.093449,9,FIX 3D
266,0.00,1013.25,14.80,0.00,3.97,3.89,9.20,0.80,230.50,28.622364,77.093389,9,FIX 3D
266,0.00,1013.25,14.80,0.00,3.97,3.89,9.20,0.80,230.50,28.622364,77.093389,9,FIX 3D
267,0.00,1013.25,15.20,0.00,3.96,3.88,4.10,3.20,245.60,28.622267,77.093309,11,FIX 3D
267,0.00,1013.25,15.20,0.00,3.96,3.88,4.10,3.20,245.60,28.622267,77.093309,11,FIX 3D
268,0.00,1013.25,14.90,0.00,3.96,3.88,-0.50,4.80,260.80,28.622299,77.093404,11,FIX 3D
268,0.00,1013.25,14.90,0.00,3.96,3.88,-0.50,4.80,260.80,28.622299,77.093404,11,FIX 3D
269,0.00,1013.25,14.80,0.00,3.95,3.87,-3.70,6.90,276.00,28.622292,77.093414,11,FIX 3D
269,0.00,1013.25,14.80,0.00,3.95,3.87,-3.70,6.90,276.00,28.622292,77.093414,11,FIX 3D
270,0.00,1013.25,14.90,0.00,3.95,3.87,-8.80,7.20,291.20,28.622274,77.093412,9,FIX 3D
270,0.00,1013.25,14.90,0.00,3.95,3.87,-8.80,7.20,291.20,28.622274,77.093412,9,FIX 3D
271,0.00,1013.25,15.30,0.00,3.95,3.87,-10.50,7.40,306.40,28.622344,77.093417,12,FIX 3D
271,0.00,1013.25,15.30,0.00,3.95,3.87,-10.50,7.40,306.40,28.622344,77.093417,12,FIX 3D
272,0.00,1013.25,15.00,0.00,3.95,3.87,-11.10,6.70,321.60,28.622375,77.093438,9,FIX 3D
272,0.00,1013.25,15.00,0.00,3.95,3.87,-11.10,6.70,321.60,28.622375,77.093438,9,FIX 3D
273,0.00,1013.25,14.80,0.00,3.94,3.86,-7.40,5.40,336.80,28.622287,77.093419,10,FIX 3D
273,0.00,1013.25,14.80,0.00,3.94,3.86,-7.40,5.40,336.80,28.622287,77.093419,10,FIX 3D
274,0.00,1013.25,15.10,0.00,3.94,3.86,-7.40,4.80,351.80,28.622256,77.093371,11,FIX 3D
274,0.00,1013.25,15.10,0.00,3.94,3.86,-7.40,4.80,351.80,28.622256,77.093371,11,FIX 3D
275,0.00,1013.25,15.00,0.00,3.94,3.86,-2.80,1.70,7.00,28.622290,77.093331,8,FIX 3D
275,0.00,1013.25,15.00,0.00,3.94,3.86,-2.80,1.70,7.00,28.622290,77.093331,8,FIX 3D
276,0.00,1013.25,15.20,0.00,3.94,3.86,0.20,0.00,22.20,28.622319,77.093322,12,FIX 3D
276,0.00,1013.25,15.20,0.00,3.94,3.86,0.20,0.00,22.20,28.622319,77.093322,12,FIX 3D
277,0.00,1013.25,15.20,0.00,3.94,3.86,3.20,-2.60,37.50,28.622306,77.093340,8,FIX 3D
277,0.00,1013.25,15.20,0.00,3.94,3.86,3.20,-2.60,37.50,28.622306,77.093340,8,FIX 3D
278,0.00,1013.25,14.80,0.00,3.94,3.86,8.70,-5.70,52.60,28.622398,77.093346,10,FIX 3D
278,0.00,1013.25,14.80,0.00,3.94,3.86,8.70,-5.70,52.60,28.622398,77.093346,10,FIX 3D
279,0.00,1013.25,15.20,0.00,3.94,3.86,9.60,-6.30,67.90,28.622494,77.093360,12,FIX 3D
279,0.00,1013.25,15.20,0.00,3.94,3.86,9.60,-6.30,67.90,28.622494,77.093360,12,FIX 3D
280,0.00,1013.25,15.20,0.00,3.94,3.86,10.30,-7.10,83.10,28.622580,77.093297,8,FIX 3D
280,0.00,1013.25,15.20,0.00,3.94,3.86,10.30,-7.10,83.10,28.622580,77.093297,8,FIX 3D
281,0.00,1013.25,14.80,0.00,3.94,3.86,7.10,-7.50,98.30,28.622670,77.093363,11,FIX 3D
281,0.00,1013.25,14.80,0.00,3.94,3.86,7.10,-7.50,98.30,28.622670,77.093363,11,FIX 3D
282,0.00,1013.25,15.00,0.00,3.94,3.86,5.50,-7.60,113.40,28.622603,77.093318,12,FIX 3D
282,0.00,1013.25,15.00,0.00,3.94,3.86,5.50,-7.60,113.40,28.622603,77.093318,12,FIX 3D
283,0.00,1013.25,15.00,0.00,3.94,3.86,1.40,-6.10,128.40,28.622639,77.093305,11,FIX 3D
283,0.00,1013.25,15.00,0.00,3.94,3.86,1.40,-6.10,128.40,28.622639,77.093305,11,FIX 3D
284,0.00,1013.25,14.80,0.00,3.95,3.87,-1.50,-3.90,143.70,28.622663,77.093376,12,FIX 3D
284,0.00,1013.25,14.80,0.00,3.95,3.87,-1.50,-3.90,143.70,28.622663,77.093376,12,FIX 3D
285,0.00,1013.25,14.90,0.00,3.95,3.87,-4.20,-3.60,158.90,28.622601,77.093287,10,FIX 3D
285,0.00,1013.25,14.90,0.00,3.95,3.87,-4.20,-3.60,158.90,28.622601,77.093287,10,FIX 3D
286,0.00,1013.25,15.00,0.00,3.95,3.87,-7.20,-0.40,174.10,28.622672,77.093293,11,FIX 3D
286,0.00,1013.25,15.00,0.00,3.95,3.87,-7.20,-0.40,174.10,28.622672,77.093293,11,FIX 3D
287,0.00,1013.25,14.90,0.00,3.95,3.87,-8.50,2.50,189.30,28.622609,77.093341,8,FIX 3D
287,0.00,1013.25,14.90,0.00,3.95,3.87,-8.50,2.50,189.30,28.622609,77.093341,8,FIX 3D
288,0.00,1013.25,15.20,0.00,3.96,3.88,-9.00,4.50,204.40,28.622667,77.093250,12,FIX 3D
288,0.00,1013.25,15.20,0.00,3.96,3.88,-9.00,4.50,204.40,28.622667,77.093250,12,FIX 3D
289,0.00,1013.25,15.00,0.00,3.96,3.88,-8.20,6.90,219.50,28.622682,77.093283,8,FIX 3D
289,0.00,1013.25,15.00,0.00,3.96,3.88,-8.20,6.90,219.50,28.622682,77.093283,8,FIX 3D
290,0.00,1013.25,15.20,0.00,3.96,3.88,-4.80,8.00,234.70,28.622705,77.093309,9,FIX 3D
290,0.00,1013.25,15.20,0.00,3.96,3.88,-4.80,8.00,234.70,28.622705,77.093309,9,FIX 3D
291,0.00,1013.25,14.90,0.00,3.97,3.89,-1.40,8.20,249.90,28.622664,77.093314,10,FIX 3D
291,0.00,1013.25,14.90,0.00,3.97,3.89,-1.40,8.20,249.90,28.622664,77.093314,10,FIX 3D
292,0.00,1013.25,14.90,0.00,3.97,3.89,1.60,7.50,265.10,28.622737,77.093260,11,FIX 3D
292,0.00,1013.25,14.90,0.00,3.97,3.89,1.60,7.50,265.10,28.622737,77.093260,11,FIX 3D
293,0.00,1013.25,15.10,0.00,3.97,3.89,8.10,7.40,280.20,28.622782,77.093213,10,FIX 3D
293,0.00,1013.25,15.10,0.00,3.97,3.89,8.10,7.40,280.20,28.622782,77.093213,10,FIX 3D
294,0.00,1013.25,15.10,0.00,3.98,3.90,7.00,5.40,295.40,28.622750,77.093216,11,FIX 3D
294,0.00,1013.25,15.10,0.00,3.98,3.90,7.00,5.40,295.40,28.622750,77.093216,11,FIX 3D
295,0.00,1013.25,15.10,0.00,3.98,3.90,10.20,4.10,310.70,28.622712,77.093306,11,FIX 3D
295,0.00,1013.25,15.10,0.00,3.98,3.90,10.20,4.10,310.70,28.622712,77.093306,11,FIX 3D
296,0.00,1013.25,15.10,0.00,3.98,3.90,11.10,1.80,325.80,28.622703,77.093330,8,FIX 3D
296,0.00,1013.25,15.10,0.00,3.98,3.90,11.10,1.80,325.80,28.622703,77.093330,8,FIX 3D
297,0.00,1013.25,15.30,0.00,3.98,3.90,6.90,-0.40,340.90,28.622750,77.093400,11,FIX 3D
297,0.00,1013.25,15.30,0.00,3.98,3.90,6.90,-0.40,340.90,28.622750,77.093400,11,FIX 3D
298,0.00,1013.25,14.90,0.00,3.99,3.91,2.40,-3.00,356.20,28.622833,77.093469,10,FIX 3D
298,0.00,1013.25,14.90,0.00,3.99,3.91,2.40,-3.00,356.20,28.622833,77.093469,10,FIX 3D
299,0.00,1013.25,14.80,0.00,3.99,3.91,0.50,-5.70,11.20,28.622791,77.093405,10,FIX 3D
299,0.00,1013.25,14.80,0.00,3.99,3.91,0.50,-5.70,11.20,28.622791,77.093405,10,FIX 3D
300,0.00,1013.25,15.20,0.00,3.99,3.91,-2.50,-6.80,26.30,28.622714,77.093481,9,FIX 3D
300,0.00,1013.25,15.20,0.00,3.99,3.91,-2.50,-6.80,26.30,28.622714,77.093481,9,FIX 3D
301,0.00,1013.25,14.90,0.00,3.99,3.91,-5.00,-7.80,41.40,28.622780,77.093498,10,FIX 3D
301,0.00,1013.25,14.90,0.00,3.99,3.91,-5.00,-7.80,41.40,28.622780,77.093498,10,FIX 3D
302,0.00,1013.25,15.00,0.00,3.99,3.91,-7.30,-7.10,56.40,28.622734,77.093570,9,FIX 3D
302,0.00,1013.25,15.00,0.00,3.99,3.91,-7.30,-7.10,56.40,28.622734,77.093570,9,FIX 3D
303,0.00,1013.25,14.80,0.00,3.99,3.91,-9.40,-8.20,71.50,28.622796,77.093608,8,FIX 3D
303,0.00,1013.25,14.80,0.00,3.99,3.91,-9.40,-8.20,71.50,28.622796,77.093608,8,FIX 3D
304,0.00,1013.25,15.10,0.00,4.00,3.92,-7.80,-6.90,86.60,28.622796,77.093696,11,FIX 3D
304,0.00,1013.25,15.10,0.00,4.00,3.92,-7.80,-6.90,86.60,28.622796,77.093696,11,FIX 3D
305,0.00,1013.25,15.00,0.00,4.00,3.92,-8.40,-4.40,101.80,28.622864,77.093615,11,FIX 3D
305,0.00,1013.25,15.00,0.00,4.00,3.92,-8.40,-4.40,101.80,28.622864,77.093615,11,FIX 3D
306,0.00,1013.25,15.30,0.00,4.00,3.92,-5.50,-1.90,117.00,28.622840,77.093572,10,FIX 3D
306,0.00,1013.25,15.30,0.00,4.00,3.92,-5.50,-1.90,117.00,28.622840,77.093572,10,FIX 3D
307,0.00,1013.25,14.90,0.00,3.99,3.91,1.70,1.00,132.10,28.622926,77.093578,10,FIX 3D
307,0.00,1013.25,14.90,0.00,3.99,3.91,1.70,1.00,132.10,28.622926,77.093578,10,FIX 3D
308,0.00,1013.25,14.90,0.00,3.99,3.91,3.80,3.00,147.30,28.622956,77.093504,9,FIX 3D
308,0.00,1013.25,14.90,0.00,3.99,3.91,3.80,3.00,147.30,28.622956,77.093504,9,FIX 3D
309,0.00,1013.25,15.10,0.00,3.99,3.91,8.60,5.30,162.40,28.622945,77.093437,11,FIX 3D
309,0.00,1013.25,15.10,0.00,3.99,3.91,8.60,5.30,162.40,28.622945,77.093437,11,FIX 3D
310,0.00,1013.25,14.90,0.00,3.99,3.91,8.80,6.00,177.40,28.622959,77.093488,8,FIX 3D
310,0.00,1013.25,14.90,0.00,3.99,3.91,8.80,6.00,177.40,28.622959,77.093488,8,FIX 3D
311,0.00,1013.25,15.20,0.00,3.99,3.91,9.00,8.50,192.50,28.622992,77.093494,10,FIX 3D
311,0.00,1013.25,15.20,0.00,3.99,3.91,9.00,8.50,192.50,28.622992,77.093494,10,FIX 3D
312,0.00,1013.25,15.10,0.00,3.99,3.91,8.40,8.90,207.60,28.623058,77.093503,12,FIX 3D
312,0.00,1013.25,15.10,0.00,3.99,3.91,8.40,8.90,207.60,28.623058,77.093503,12,FIX 3D
313,0.00,1013.25,15.30,0.00,3.98,3.90,4.70,7.10,222.60,28.623135,77.093477,10,FIX 3D
313,0.00,1013.25,15.30,0.00,3.98,3.90,4.70,7.10,222.60,28.623135,77.093477,10,FIX 3D
314,0.00,1013.25,14.70,0.00,3.98,3.90,0.80,7.10,237.60,28.623115,77.093549,8,FIX 3D
314,0.00,1013.25,14.70,0.00,3.98,3.90,0.80,7.10,237.60,28.623115,77.093549,8,FIX 3D
315,0.00,1013.25,14.70,0.00,3.98,3.90,-0.20,4.60,252.80,28.623134,77.093595,11,FIX 3D
315,0.00,1013.25,14.70,0.00,3.98,3.90,-0.20,4.60,252.80,28.623134,77.093595,11,FIX 3D
316,0.00,1013.25,14.80,0.00,3.97,3.89,-5.00,2.60,268.10,28.623088,77.093585,9,FIX 3D
316,0.00,1013.25,14.80,0.00,3.97,3.89,-5.00,2.60,268.10,28.623088,77.093585,9,FIX 3D
317,0.00,1013.25,14.70,0.00,3.97,3.89,-8.40,1.40,283.10,28.623014,77.093648,9,FIX 3D
317,0.00,1013.25,14.70,0.00,3.97,3.89,-8.40,1.40,283.10,28.623014,77.093648,9,FIX 3D
318,0.00,1013.25,14.80,0.00,3.96,3.88,-11.00,-2.00,298.50,28.622998,77.093564,12,FIX 3D
318,0.00,1013.25,14.80,0.00,3.96,3.88,-11.00,-2.00,298.50,28.622998,77.093564,12,FIX 3D
319,0.00,1013.25,15.20,0.00,3.96,3.88,-9.20,-4.80,313.70,28.623089,77.093657,8,FIX 3D
319,0.00,1013.25,15.20,0.00,3.96,3.88,-9.20,-4.80,313.70,28.623089,77.093657,8,FIX 3D
320,0.00,1013.25,15.30,0.00,3.95,3.87,-8.70,-6.20,328.90,28.623188,77.093638,12,FIX 3D
320,0.00,1013.25,15.30,0.00,3.95,3.87,-8.70,-6.20,328.90,28.623188,77.093638,12,FIX 3D
321,0.00,1013.25,14.90,0.00,3.95,3.87,-7.40,-7.20,344.10,28.623263,77.093631,8,FIX 3D
321,0.00,1013.25,14.90,0.00,3.95,3.87,-7.40,-7.20,344.10,28.623263,77.093631,8,FIX 3D
322,0.00,1013.25,15.30,0.00,3.94,3.87,-2.60,-7.10,359.20,28.623221,77.093560,12,FIX 3D
322,0.00,1013.25,15.30,0.00,3.94,3.87,-2.60,-7.10,359.20,28.623221,77.093560,12,FIX 3D
323,0.00,1013.25,14.80,0.00,3.94,3.86,0.60,-8.90,14.30,28.623177,77.093568,11,FIX 3D
323,0.00,1013.25,14.80,0.00,3.94,3.86,0.60,-8.90,14.30,28.623177,77.093568,11,FIX 3D
324,0.00,1013.25,15.10,0.00,3.93,3.86,7.30,-7.10,29.50,28.623186,77.093483,11,FIX 3D
324,0.00,1013.25,15.10,0.00,3.93,3.86,7.30,-7.10,29.50,28.623186,77.093483,11,FIX 3D
325,0.00,1013.25,14.80,0.00,3.93,3.85,10.40,-5.30,44.70,28.623100,77.093515,8,FIX 3D
325,0.00,1013.25,14.80,0.00,3.93,3.85,10.40,-5.30,44.70,28.623100,77.093515,8,FIX 3D
326,0.00,1013.25,15.10,0.00,3.93,3.85,8.70,-3.40,60.00,28.623095,77.093583,11,FIX 3D
326,0.00,1013.25,15.10,0.00,3.93,3.85,8.70,-3.40,60.00,28.623095,77.093583,11,FIX 3D
327,0.00,1013.25,15.30,0.00,3.92,3.84,10.70,-1.90,75.00,28.623154,77.093671,12,FIX 3D
327,0.00,1013.25,15.30,0.00,3.92,3.84,10.70,-1.90,75.00,28.623154,77.093671,12,FIX 3D
328,0.00,1013.25,15.00,0.00,3.92,3.84,8.50,1.80,90.20,28.623131,77.093751,11,FIX 3D
328,0.00,1013.25,15.00,0.00,3.92,3.84,8.50,1.80,90.20,28.623131,77.093751,11,FIX 3D
329,0.00,1013.25,14.80,0.00,3.91,3.83,2.90,2.80,105.20,28.623067,77.093661,11,FIX 3D
329,0.00,1013.25,14.80,0.00,3.91,3.83,2.90,2.80,105.20,28.623067,77.093661,11,FIX 3D
330,0.00,1013.25,14.80,0.00,3.91,3.83,1.30,5.70,120.30,28.623126,77.093674,8,FIX 3D
330,0.00,1013.25,14.80,0.00,3.91,3.83,1.30,5.70,120.30,28.623126,77.093674,8,FIX 3D
331,0.00,1013.25,15.10,0.00,3.90,3.83,-4.60,7.50,135.40,28.623086,77.093769,12,FIX 3D
331,0.00,1013.25,15.10,0.00,3.90,3.83,-4.60,7.50,135.40,28.623086,77.093769,12,FIX 3D
332,0.00,1013.25,15.00,0.00,3.90,3.82,-6.00,8.10,150.60,28.623007,77.093866,9,FIX 3D
332,0.00,1013.25,15.00,0.00,3.90,3.82,-6.00,8.10,150.60,28.623007,77.093866,9,FIX 3D
333,0.00,1013.25,14.70,0.00,3.90,3.82,-7.50,8.10,165.80,28.623018,77.093880,11,FIX 3D
333,0.00,1013.25,14.70,0.00,3.90,3.82,-7.50,8.10,165.80,28.623018,77.093880,11,FIX 3D
334,0.00,1013.25,15.30,0.00,3.90,3.82,-10.70,7.70,181.00,28.623034,77.093800,11,FIX 3D
334,0.00,1013.25,15.30,0.00,3.90,3.82,-10.70,7.70,181.00,28.623034,77.093800,11,FIX 3D
335,0.00,1013.25,14.90,0.00,3.89,3.82,-11.10,6.50,196.20,28.623117,77.093832,12,FIX 3D
335,0.00,1013.25,14.90,0.00,3.89,3.82,-11.10,6.50,196.20,28.623117,77.093832,12,FIX 3D
336,0.00,1013.25,14.70,0.00,3.89,3.81,-7.70,4.60,211.50,28.623159,77.093805,11,FIX 3D
336,0.00,1013.25,14.70,0.00,3.89,3.81,-7.70,4.60,211.50,28.623159,77.093805,11,FIX 3D
337,0.00,1013.25,14.70,0.00,3.89,3.81,-4.00,2.60,226.60,28.623221,77.093867,9,FIX 3D
337,0.00,1013.25,14.70,0.00,3.89,3.81,-4.00,2.60,226.60,28.623221,77.093867,9,FIX 3D
338,0.00,1013.25,15.20,0.00,3.89,3.81,1.50,0.20,241.80,28.623173,77.093959,8,FIX 3D
338,0.00,1013.25,15.20,0.00,3.89,3.81,1.50,0.20,241.80,28.623173,77.093959,8,FIX 3D
339,0.00,1013.25,14.80,0.00,3.89,3.81,4.90,-2.00,256.90,28.623213,77.094032,9,FIX 3D
339,0.00,1013.25,14.80,0.00,3.89,3.81,4.90,-2.00,256.90,28.623213,77.094032,9,FIX 3D
340,0.00,1013.25,14.90,0.00,3.89,3.81,8.70,-4.20,272.10,28.623261,77.094062,9,FIX 3D
340,0.00,1013.25,14.90,0.00,3.89,3.81,8.70,-4.20,272.10,28.623261,77.094062,9,FIX 3D
341,0.00,1013.25,15.00,0.00,3.89,3.81,9.30,-6.30,287.20,28.623359,77.094019,8,FIX 3D
341,0.00,1013.25,15.00,0.00,3.89,3.81,9.30,-6.30,287.20,28.623359,77.094019,8,FIX 3D
342,0.00,1013.25,15.20,0.00,3.89,3.81,8.70,-6.80,302.40,28.623280,77.094097,12,FIX 3D
342,0.00,1013.25,15.20,0.00,3.89,3.81,8.70,-6.80,302.40,28.623280,77.094097,12,FIX 3D
343,0.00,1013.25,15.00,0.00,3.89,3.81,7.50,-8.50,317.60,28.623185,77.094081,8,FIX 3D
343,0.00,1013.25,15.00,0.00,3.89,3.81,7.50,-8.50,317.60,28.623185,77.094081,8,FIX 3D
344,0.00,1013.25,14.80,0.00,3.89,3.81,4.60,-7.00,332.80,28.623249,77.094139,8,FIX 3D
344,0.00,1013.25,14.80,0.00,3.89,3.81,4.60,-7.00,332.80,28.623249,77.094139,8,FIX 3D
345,0.00,1013.25,14.80,0.00,3.89,3.82,3.30,-6.60,347.90,28.623330,77.094220,9,FIX 3D
345,0.00,1013.25,14.80,0.00,3.89,3.82,3.30,-6.60,347.90,28.623330,77.094220,9,FIX 3D
346,0.00,1013.25,15.10,0.00,3.90,3.82,0.50,-4.30,3.00,28.623341,77.094320,8,FIX 3D
346,0.00,1013.25,15.10,0.00,3.90,3.82,0.50,-4.30,3.00,28.623341,77.094320,8,FIX 3D
347,0.00,1013.25,14.90,0.00,3.90,3.82,-2.80,-2.30,18.20,28.623326,77.094251,8,FIX 3D
347,0.00,1013.25,14.90,0.00,3.90,3.82,-2.80,-2.30,18.20,28.623326,77.094251,8,FIX 3D
348,0.00,1013.25,15.10,0.00,3.90,3.82,-8.20,-0.40,33.30,28.623379,77.094165,10,FIX 3D
348,0.00,1013.25,15.10,0.00,3.90,3.82,-8.20,-0.40,33.30,28.623379,77.094165,10,FIX 3D
349,0.00,1013.25,15.10,0.00,3.90,3.83,-11.00,0.60,48.60,28.623355,77.094101,12,FIX 3D
349,0.00,1013.25,15.10,0.00,3.90,3.83,-11.00,0.60,48.60,28.623355,77.094101,12,FIX 3D
350,0.00,1013.25,15.00,0.00,3.91,3.83,-9.40,3.20,63.60,28.623307,77.094044,8,FIX 3D
350,0.00,1013.25,15.00,0.00,3.91,3.83,-9.40,3.20,63.60,28.623307,77.094044,8,FIX 3D
351,0.00,1013.25,15.00,0.00,3.91,3.83,-9.30,5.70,78.80,28.623229,77.094140,9,FIX 3D
351,0.00,1013.25,15.00,0.00,3.91,3.83,-9.30,5.70,78.80,28.623229,77.094140,9,FIX 3D
352,0.00,1013.25,15.20,0.00,3.91,3.83,-5.50,7.00,93.90,28.623173,77.094109,8,FIX 3D
352,0.00,1013.25,15.20,0.00,3.91,3.83,-5.50,7.00,93.90,28.623173,77.094109,8,FIX 3D
353,0.00,1013.25,14.80,0.00,3.92,3.84,-0.80,8.70,109.10,28.623081,77.094133,9,FIX 3D
353,0.00,1013.25,14.80,0.00,3.92,3.84,-0.80,8.70,109.10,28.623081,77.094133,9,FIX 3D
354,0.00,1013.25,15.00,0.00,3.92,3.84,1.30,7.90,124.30,28.623097,77.094231,9,FIX 3D
354,0.00,1013.25,15.00,0.00,3.92,3.84,1.30,7.90,124.30,28.623097,77.094231,9,FIX 3D
355,0.00,1013.25,15.00,0.00,3.92,3.84,4.10,7.80,139.50,28.623185,77.094270,10,FIX 3D
355,0.00,1013.25,15.00,0.00,3.92,3.84,4.10,7.80,139.50,28.623185,77.094270,10,FIX 3D
356,0.00,1013.25,14.90,0.00,3.93,3.85,9.70,5.70,154.70,28.623133,77.094185,8,FIX 3D
356,0.00,1013.25,14.90,0.00,3.93,3.85,9.70,5.70,154.70,28.623133,77.094185,8,FIX 3D
357,0.00,1013.25,15.20,0.00,3.93,3.85,11.30,3.10,169.90,28.623076,77.094174,12,FIX 3D
357,0.00,1013.25,15.20,0.00,3.93,3.85,11.30,3.10,169.90,28.623076,77.094174,12,FIX 3D
358,0.00,1013.25,15.00,0.00,3.93,3.85,8.40,0.90,185.10,28.623045,77.094084,8,FIX 3D
358,0.00,1013.25,15.00,0.00,3.93,3.85,8.40,0.90,185.10,28.623045,77.094084,8,FIX 3D
359,0.00,1013.25,15.00,0.00,3.93,3.86,6.20,0.20,200.30,28.623133,77.093990,8,FIX 3D
359,0.00,1013.25,15.00,0.00,3.93,3.86,6.20,0.20,200.30,28.623133,77.093990,8,FIX 3D
360,0.00,1013.25,14.70,0.00,3.94,3.86,5.80,-2.40,215.30,28.623196,77.093900,12,FIX 3D
360,0.00,1013.25,14.70,0.00,3.94,3.86,5.80,-2.40,215.30,28.623196,77.093900,12,FIX 3D
361,0.00,1013.25,15.00,0.00,3.94,3.86,0.00,-5.50,230.30,28.623284,77.093834,9,FIX 3D
361,0.00,1013.25,15.00,0.00,3.94,3.86,0.00,-5.50,230.30,28.623284,77.093834,9,FIX 3D
362,0.00,1013.25,15.00,0.00,3.94,3.86,-2.10,-6.20,245.50,28.623245,77.093757,11,FIX 3D
362,0.00,1013.25,15.00,0.00,3.94,3.86,-2.10,-6.20,245.50,28.623245,77.093757,11,FIX 3D
363,0.00,1013.25,15.00,0.00,3.94,3.86,-5.70,-7.70,260.70,28.623161,77.093678,11,FIX 3D
363,0.00,1013.25,15.00,0.00,3.94,3.86,-5.70,-7.70,260.70,28.623161,77.093678,11,FIX 3D
364,0.00,1013.25,14.70,0.00,3.94,3.86,-8.20,-8.50,275.90,28.623065,77.093680,8,FIX 3D
364,0.00,1013.25,14.70,0.00,3.94,3.86,-8.20,-8.50,275.90,28.623065,77.093680,8,FIX 3D
365,0.00,1013.25,15.00,0.00,3.94,3.87,-8.70,-8.00,291.10,28.623083,77.093647,8,FIX 3D
365,0.00,1013.25,15.00,0.00,3.94,3.87,-8.70,-8.00,291.10,28.623083,77.093647,8,FIX 3D
366,0.00,1013.25,14.90,0.00,3.95,3.87,-10.40,-6.40,306.20,28.622990,77.093729,9,FIX 3D
366,0.00,1013.25,14.90,0.00,3.95,3.87,-10.40,-6.40,306.20,28.622990,77.093729,9,FIX 3D
367,0.00,1013.25,15.20,0.00,3.95,3.87,-7.70,-4.70,321.30,28.622936,77.093703,12,FIX 3D
367,0.00,1013.25,15.20,0.00,3.95,3.87,-7.70,-4.70,321.30,28.622936,77.093703,12,FIX 3D
368,0.00,1013.25,15.10,0.00,3.95,3.87,-4.00,-2.90,336.30,28.622992,77.093606,8,FIX 3D
368,0.00,1013.25,15.10,0.00,3.95,3.87,-4.00,-2.90,336.30,28.622992,77.093606,8,FIX 3D
369,0.00,1013.25,14.70,0.00,3.94,3.87,-2.00,0.20,351.30,28.623059,77.093653,8,FIX 3D
369,0.00,1013.25,14.70,0.00,3.94,3.87,-2.00,0.20,351.30,28.623059,77.093653,8,FIX 3D
370,0.00,1013.25,15.20,0.00,3.94,3.86,1.80,1.30,6.60,28.623127,77.093576,9,FIX 3D
370,0.00,1013.25,15.20,0.00,3.94,3.86,1.80,1.30,6.60,28.623127,77.093576,9,FIX 3D
371,0.00,1013.25,15.00,0.00,3.94,3.86,6.60,4.20,21.80,28.623157,77.093553,10,FIX 3D
371,0.00,1013.25,15.00,0.00,3.94,3.86,6.60,4.20,21.80,28.623157,77.093553,10,FIX 3D
372,0.00,1013.25,15.20,0.00,3.94,3.86,7.50,6.30,36.80,28.623061,77.093554,10,FIX 3D
372,0.00,1013.25,15.20,0.00,3.94,3.86,7.50,6.30,36.80,28.623061,77.093554,10,FIX 3D
373,0.00,1013.25,15.30,0.00,3.94,3.86,8.30,7.20,51.80,28.623124,77.093530,8,FIX 3D
373,0.00,1013.25,15.30,0.00,3.94,3.86,8.30,7.20,51.80,28.623124,77.093530,8,FIX 3D
374,0.00,1013.25,15.20,0.00,3.94,3.86,10.50,7.60,67.00,28.623220,77.093552,10,FIX 3D
374,0.00,1013.25,15.20,0.00,3.94,3.86,10.50,7.60,67.00,28.623220,77.093552,10,FIX 3D
375,0.00,1013.25,15.30,0.00,3.93,3.85,8.20,8.30,82.20,28.623160,77.093518,10,FIX 3D
375,0.00,1013.25,15.30,0.00,3.93,3.85,8.20,8.30,82.20,28.623160,77.093518,10,FIX 3D
376,0.00,1013.25,15.10,0.00,3.93,3.85,2.10,6.20,97.40,28.623123,77.093447,8,FIX 3D
376,0.00,1013.25,15.10,0.00,3.93,3.85,2.10,6.20,97.40,28.623123,77.093447,8,FIX 3D
377,0.00,1013.25,14.90,0.00,3.93,3.85,1.20,4.90,112.60,28.623132,77.093545,10,FIX 3D
377,0.00,1013.25,14.90,0.00,3.93,3.85,1.20,4.90,112.60,28.623132,77.093545,10,FIX 3D
378,0.00,1013.25,14.80,0.00,3.92,3.84,-3.60,3.80,127.90,28.623104,77.093479,12,FIX 3D
378,0.00,1013.25,14.80,0.00,3.92,3.84,-3.60,3.80,127.90,28.623104,77.093479,12,FIX 3D
379,0.00,1013.25,15.30,0.00,3.92,3.84,-5.70,1.10,142.90,28.623138,77.093428,10,FIX 3D
379,0.00,1013.25,15.30,0.00,3.92,3.84,-5.70,1.10,142.90,28.623138,77.093428,10,FIX 3D
380,0.00,1013.25,14.80,0.00,3.91,3.84,-8.10,-0.60,158.00,28.623077,77.093499,9,FIX 3D
380,0.00,1013.25,14.80,0.00,3.91,3.84,-8.10,-0.60,158.00,28.623077,77.093499,9,FIX 3D
381,0.00,1013.25,14.80,0.00,3.91,3.83,-8.20,-4.30,173.20,28.623144,77.093530,10,FIX 3D
381,0.00,1013.25,14.80,0.00,3.91,3.83,-8.20,-4.30,173.20,28.623144,77.093530,10,FIX 3D
382,0.00,1013.25,15.00,0.00,3.90,3.83,-10.30,-5.10,188.40,28.623233,77.093522,9,FIX 3D
382,0.00,1013.25,15.00,0.00,3.90,3.83,-10.30,-5.10,188.40,28.623233,77.093522,9,FIX 3D
383,0.00,1013.25,15.10,0.00,3.90,3.82,-6.50,-7.90,203.60,28.623249,77.093432,11,FIX 3D
383,0.00,1013.25,15.10,0.00,3.90,3.82,-6.50,-7.90,203.60,28.623249,77.093432,11,FIX 3D
384,0.00,1013.25,15.10,0.00,3.90,3.82,-1.90,-8.70,218.60,28.623174,77.093444,12,FIX 3D
384,0.00,1013.25,15.10,0.00,3.90,3.82,-1.90,-8.70,218.60,28.623174,77.093444,12,FIX 3D
385,0.00,1013.25,14.80,0.00,3.89,3.81,-0.50,-8.90,233.80,28.623253,77.093519,10,FIX 3D
385,0.00,1013.25,14.80,0.00,3.89,3.81,-0.50,-8.90,233.80,28.623253,77.093519,10,FIX 3D
386,0.00,1013.25,15.00,0.00,3.89,3.81,6.70,-7.70,248.90,28.623164,77.093478,11,FIX 3D
386,0.00,1013.25,15.00,0.00,3.89,3.81,6.70,-7.70,248.90,28.623164,77.093478,11,FIX 3D
387,0.00,1013.25,15.30,0.00,3.88,3.80,9.30,-6.60,264.10,28.623104,77.093436,9,FIX 3D
387,0.00,1013.25,15.30,0.00,3.88,3.80,9.30,-6.60,264.10,28.623104,77.093436,9,FIX 3D
388,0.00,1013.25,15.20,0.00,3.88,3.80,8.00,-4.60,279.30,28.623114,77.093420,11,FIX 3D
388,0.00,1013.25,15.20,0.00,3.88,3.80,8.00,-4.60,279.30,28.623114,77.093420,11,FIX 3D
389,0.00,1013.25,15.30,0.00,3.87,3.79,10.40,-2.20,294.50,28.623078,77.093390,10,FIX 3D
389,0.00,1013.25,15.30,0.00,3.87,3.79,10.40,-2.20,294.50,28.623078,77.093390,10,FIX 3D
390,0.00,1013.25,15.00,0.00,3.87,3.79,8.60,0.70,309.70,28.623174,77.093333,10,FIX 3D
390,0.00,1013.25,15.00,0.00,3.87,3.79,8.60,0.70,309.70,28.623174,77.093333,10,FIX 3D
391,0.00,1013.25,15.00,0.00,3.86,3.79,6.90,2.20,324.70,28.623110,77.093309,10,FIX 3D
391,0.00,1013.25,15.00,0.00,3.86,3.79,6.90,2.20,324.70,28.623110,77.093309,10,FIX 3D
392,0.00,1013.25,14.70,0.00,3.86,3.78,0.90,5.20,339.80,28.623207,77.093282,12,FIX 3D
392,0.00,1013.25,14.70,0.00,3.86,3.78,0.90,5.20,339.80,28.623207,77.093282,12,FIX 3D
393,0.00,1013.25,15.20,0.00,3.86,3.78,-2.00,7.20,355.00,28.623157,77.093304,8,FIX 3D
393,0.00,1013.25,15.20,0.00,3.86,3.78,-2.00,7.20,355.00,28.623157,77.093304,8,FIX 3D
394,0.00,1013.25,15.20,0.00,3.85,3.78,-7.40,7.90,10.10,28.623239,77.093207,10,FIX 3D
394,0.00,1013.25,15.20,0.00,3.85,3.78,-7.40,7.90,10.10,28.623239,77.093207,10,FIX 3D
395,0.00,1013.25,15.00,0.00,3.85,3.77,-7.60,7.00,25.30,28.623282,77.093248,9,FIX 3D
395,0.00,1013.25,15.00,0.00,3.85,3.77,-7.60,7.00,25.30,28.623282,77.093248,9,FIX 3D
396,0.00,1013.25,14.80,0.00,3.85,3.77,-10.00,8.00,40.30,28.623319,77.093312,10,FIX 3D
396,0.00,1013.25,14.80,0.00,3.85,3.77,-10.00,8.00,40.30,28.623319,77.093312,10,FIX 3D
397,0.00,1013.25,15.00,0.00,3.84,3.77,-9.90,6.80,55.30,28.623255,77.093352,9,FIX 3D
397,0.00,1013.25,15.00,0.00,3.84,3.77,-9.90,6.80,55.30,28.623255,77.093352,9,FIX 3D
398,0.00,1013.25,15.00,0.00,3.84,3.77,-7.90,5.30,70.60,28.623238,77.093329,12,FIX 3D
398,0.00,1013.25,15.00,0.00,3.84,3.77,-7.90,5.30,70.60,28.623238,77.093329,12,FIX 3D
399,0.00,1013.25,15.10,0.00,3.84,3.76,-5.70,3.80,85.60,28.623318,77.093388,9,FIX 3D
399,0.00,1013.25,15.10,0.00,3.84,3.76,-5.70,3.80,85.60,28.623318,77.093388,9,FIX 3D
400,0.00,1013.25,14.80,0.00,3.84,3.76,-1.70,1.00,100.80,28.623365,77.093449,10,FIX 3D
400,0.00,1013.25,14.80,0.00,3.84,3.76,-1.70,1.00,100.80,28.623365,77.093449,10,FIX 3D
401,0.00,1013.25,15.30,0.00,3.84,3.76,3.10,-2.50,116.10,28.623293,77.093529,9,FIX 3D
401,0.00,1013.25,15.30,0.00,3.84,3.76,3.10,-2.50,116.10,28.623293,77.093529,9,FIX 3D
402,0.00,1013.25,15.10,0.00,3.84,3.76,7.70,-4.20,131.20,28.623203,77.093550,9,FIX 3D
402,0.00,1013.25,15.10,0.00,3.84,3.76,7.70,-4.20,131.20,28.623203,77.093550,9,FIX 3D
403,0.00,1013.25,15.10,0.00,3.84,3.76,7.10,-5.30,146.40,28.623223,77.093510,12,FIX 3D
403,0.00,1013.25,15.10,0.00,3.84,3.76,7.10,-5.30,146.40,28.623223,77.093510,12,FIX 3D
404,0.00,1013.25,14.90,0.00,3.84,3.76,8.90,-8.00,161.60,28.623289,77.093544,11,FIX 3D
404,0.00,1013.25,14.90,0.00,3.84,3.76,8.90,-8.00,161.60,28.623289,77.093544,11,FIX 3D
405,0.00,1013.25,15.30,0.00,3.84,3.76,10.70,-7.10,176.80,28.623214,77.093605,11,FIX 3D
405,0.00,1013.25,15.30,0.00,3.84,3.76,10.70,-7.10,176.80,28.623214,77.093605,11,FIX 3D
406,0.00,1013.25,15.20,0.00,3.84,3.77,9.00,-8.30,191.90,28.623306,77.093702,11,FIX 3D
406,0.00,1013.25,15.20,0.00,3.84,3.77,9.00,-8.30,191.90,28.623306,77.093702,11,FIX 3D
407,0.00,1013.25,15.20,0.00,3.84,3.77,4.10,-7.10,207.10,28.623230,77.093795,12,FIX 3D
407,0.00,1013.25,15.20,0.00,3.84,3.77,4.10,-7.10,207.10,28.623230,77.093795,12,FIX 3D
408,0.00,1013.25,15.00,0.00,3.85,3.77,0.90,-6.20,222.30,28.623196,77.093779,8,FIX 3D
408,0.00,1013.25,15.00,0.00,3.85,3.77,0.90,-6.20,222.30,28.623196,77.093779,8,FIX 3D
409,0.00,1013.25,14.80,0.00,3.85,3.77,-5.50,-4.60,237.50,28.623175,77.093779,8,FIX 3D
409,0.00,1013.25,14.80,0.00,3.85,3.77,-5.50,-4.60,237.50,28.623175,77.093779,8,FIX 3D
410,0.00,1013.25,15.30,0.00,3.85,3.77,-8.00,-2.20,252.70,28.623228,77.093762,10,FIX 3D
410,0.00,1013.25,15.30,0.00,3.85,3.77,-8.00,-2.20,252.70,28.623228,77.093762,10,FIX 3D
411,0.00,1013.25,15.20,0.00,3.85,3.78,-7.90,0.40,268.00,28.623233,77.093773,9,FIX 3D
411,0.00,1013.25,15.20,0.00,3.85,3.78,-7.90,0.40,268.00,28.623233,77.093773,9,FIX 3D
412,0.00,1013.25,15.20,0.00,3.86,3.78,-9.00,4.30,283.10,28.623286,77.093713,8,FIX 3D
412,0.00,1013.25,15.20,0.00,3.86,3.78,-9.00,4.30,283.10,28.623286,77.093713,8,FIX 3D
413,0.00,1013.25,14.70,0.00,3.86,3.78,-10.70,5.00,298.30,28.623265,77.093756,12,FIX 3D
413,0.00,1013.25,14.70,0.00,3.86,3.78,-10.70,5.00,298.30,28.623265,77.093756,12,FIX 3D
414,0.00,1013.25,15.20,0.00,3.86,3.78,-5.40,7.00,313.40,28.623216,77.093727,12,FIX 3D
414,0.00,1013.25,15.20,0.00,3.86,3.78,-5.40,7.00,313.40,28.623216,77.093727,12,FIX 3D
415,0.00,1013.25,14.80,0.00,3.86,3.79,-2.90,7.80,328.50,28.623250,77.093692,8,FIX 3D
415,0.00,1013.25,14.80,0.00,3.86,3.79,-2.90,7.80,328.50,28.623250,77.093692,8,FIX 3D
416,0.00,1013.25,14.90,0.00,3.87,3.79,3.00,7.80,343.70,28.623265,77.093643,12,FIX 3D
416,0.00,1013.25,14.90,0.00,3.87,3.79,3.00,7.80,343.70,28.623265,77.093643,12,FIX 3D
417,0.00,1013.25,14.80,0.00,3.87,3.79,4.90,7.20,359.00,28.623270,77.093574,12,FIX 3D
417,0.00,1013.25,14.80,0.00,3.87,3.79,4.90,7.20,359.00,28.623270,77.093574,12,FIX 3D
418,0.00,1013.25,14.80,0.00,3.87,3.80,6.40,6.60,14.10,28.623351,77.093612,10,FIX 3D
418,0.00,1013.25,14.80,0.00,3.87,3.80,6.40,6.60,14.10,28.623351,77.093612,10,FIX 3D
419,0.0,1013.25,15.2,0.00,3.79,3.71,4.5,7.7,15.1,28.630991,77.074844,0,NO FIX
419,0.00,1013.25,15.20,0.00,3.88,3.80,9.00,4.70,29.30,28.623333,77.093522,10,FIX 3D
419,0.00,1013.25,15.20,0.00,3.88,3.80,9.00,4.70,29.30,28.623333,77.093522,10,FIX 3D
420,0.0,1013.25,15.1,0.00,3.79,3.71,7.8,8.2,30.1,28.630954,77.074885,0,NO FIX
420,0.00,1013.25,14.90,0.00,3.88,3.80,11.00,3.20,44.50,28.623257,77.093450,10,FIX 3D
420,0.00,1013.25,14.90,0.00,3.88,3.80,11.00,3.20,44.50,28.623257,77.093450,10,FIX 3D
421,0.0,1013.25,15.0,0.00,3.79,3.72,10.8,5.1,45.0,28.630909,77.074948,0,NO FIX
421,0.00,1013.25,15.10,0.00,3.88,3.81,6.80,-0.20,59.70,28.623227,77.093489,10,FIX 3D
421,0.00,1013.25,15.10,0.00,3.88,3.81,6.80,-0.20,59.70,28.623227,77.093489,10,FIX 3D
422,0.0,1013.25,15.2,0.00,3.80,3.72,12.3,4.8,60.0,28.630922,77.074921,0,NO FIX
422,0.00,1013.25,15.20,0.00,3.89,3.81,7.60,-3.50,74.90,28.623235,77.093490,8,FIX 3D
422,0.00,1013.25,15.20,0.00,3.89,3.81,7.60,-3.50,74.90,28.623235,77.093490,8,FIX 3D
423,8.1,1012.27,14.9,-7.69,3.80,3.72,11.9,1.1,75.0,28.630917,77.074910,11,FIX 3D
423,0.00,1013.25,15.20,0.00,3.89,3.81,4.00,-5.30,89.90,28.623277,77.093427,11,FIX 3D
423,0.00,1013.25,15.20,0.00,3.89,3.81,4.00,-5.30,89.90,28.623277,77.093427,11,FIX 3D
424,19.2,1010.95,15.1,-10.77,3.80,3.73,9.0,-0.1,90.1,28.630996,77.074907,9,FIX 3D
424,0.00,1013.25,14.80,0.00,3.89,3.81,-3.20,-7.30,105.00,28.623318,77.093450,10,FIX 3D
424,0.00,1013.25,14.80,0.00,3.89,3.81,-3.20,-7.30,105.00,28.623318,77.093450,10,FIX 3D
425,30.7,1009.57,14.7,-11.29,3.81,3.73,5.8,-3.4,105.1,28.630944,77.074858,10,FIX 3D
425,0.00,1013.25,14.90,0.00,3.89,3.81,-3.90,-8.50,120.20,28.623302,77.093500,9,FIX 3D
425,0.00,1013.25,14.90,0.00,3.89,3.81,-3.90,-8.50,120.20,28.623302,77.093500,9,FIX 3D
426,41.7,1008.26,14.7,-11.01,3.81,3.73,0.0,-4.8,120.0,28.630893,77.074804,9,FIX 3D
426,0.00,1013.25,14.70,0.00,3.89,3.82,-6.60,-7.70,135.30,28.623295,77.093472,10,FIX 3D
426,0.00,1013.25,14.70,0.00,3.89,3.82,-6.60,-7.70,135.30,28.623295,77.093472,10,FIX 3D
427,49.8,1007.28,14.9,-7.72,3.81,3.74,-3.1,-6.4,135.0,28.630860,77.074879,8,FIX 3D
427,0.00,1013.25,14.90,0.00,3.89,3.82,-11.70,-8.30,150.50,28.623231,77.093409,12,FIX 3D
427,0.00,1013.25,14.90,0.00,3.89,3.82,-11.70,-8.30,150.50,28.623231,77.093409,12,FIX 3D
428,57.9,1006.32,14.6,-7.87,3.81,3.74,-7.3,-6.0,150.0,28.630836,77.074961,10,FIX 3D
428,0.00,1013.25,15.00,0.00,3.90,3.82,-7.90,-7.20,165.60,28.623258,77.093458,9,FIX 3D
428,0.00,1013.25,15.00,0.00,3.90,3.82,-7.90,-7.20,165.60,28.623258,77.093458,9,FIX 3D
429,68.2,1005.08,14.7,-10.04,3.82,3.74,-8.8,-6.1,165.0,28.630870,77.074866,9,FIX 3D
429,0.00,1013.25,15.10,0.00,3.90,3.82,-7.10,-4.90,180.80,28.623264,77.093552,11,FIX 3D
429,0.00,1013.25,15.10,0.00,3.90,3.82,-7.10,-4.90,180.80,28.623264,77.093552,11,FIX 3D
430,76.9,1004.05,14.6,-8.63,3.82,3.74,-9.6,-6.8,180.1,28.630937,77.074811,8,FIX 3D
430,0.00,1013.25,15.00,0.00,3.90,3.82,-5.00,-4.00,195.90,28.623354,77.093603,8,FIX 3D
430,0.00,1013.25,15.00,0.00,3.90,3.82,-5.00,-4.00,195.90,28.623354,77.093603,8,FIX 3D
431,88.2,1002.71,14.3,-11.10,3.82,3.74,-7.1,-4.4,195.1,28.630898,77.074886,8,FIX 3D
431,0.00,1013.25,14.70,0.00,3.90,3.82,-0.30,-1.60,211.10,28.623423,77.093556,12,FIX 3D
431,0.00,1013.25,14.70,0.00,3.90,3.82,-0.30,-1.60,211.10,28.623423,77.093556,12,FIX 3D
432,97.3,1001.62,14.4,-8.67,3.82,3.74,-5.5,-2.1,210.0,28.630926,77.074830,8,FIX 3D
432,0.00,1013.25,14.70,0.00,3.89,3.82,3.40,1.70,226.30,28.623420,77.093475,11,FIX 3D
432,0.00,1013.25,14.70,0.00,3.89,3.82,3.40,1.70,226.30,28.623420,77.093475,11,FIX 3D
433,108.3,1000.31,14.5,-10.70,3.82,3.74,-2.3,-0.4,225.1,28.630983,77.074737,9,FIX 3D
433,0.00,1013.25,15.30,0.00,3.89,3.82,6.90,3.50,241.50,28.623468,77.093452,10,FIX 3D
433,0.00,1013.25,15.30,0.00,3.89,3.82,6.90,3.50,241.50,28.623468,77.093452,10,FIX 3D
434,118.0,999.16,14.0,-9.45,3.82,3.74,2.7,2.0,240.1,28.631067,77.074670,11,FIX 3D
434,0.00,1013.25,14.90,0.00,3.89,3.81,7.70,5.80,256.70,28.623514,77.093383,8,FIX 3D
434,0.00,1013.25,14.90,0.00,3.89,3.81,7.70,5.80,256.70,28.623514,77.093383,8,FIX 3D
435,126.2,998.18,14.2,-7.89,3.81,3.74,7.9,4.5,255.1,28.630967,77.074737,8,FIX 3D
435,0.00,1013.25,14.80,0.00,3.89,3.81,11.80,6.80,271.90,28.623542,77.093370,11,FIX 3D
435,0.00,1013.25,14.80,0.00,3.89,3.81,11.80,6.80,271.90,28.623542,77.093370,11,FIX 3D
436,135.1,997.12,14.3,-8.70,3.81,3.74,10.7,6.6,270.2,28.630921,77.074762,10,FIX 3D
436,0.00,1013.25,15.20,0.00,3.89,3.81,9.20,8.20,287.10,28.623586,77.093336,11,FIX 3D
436,0.00,1013.25,15.20,0.00,3.89,3.81,9.20,8.20,287.10,28.623586,77.093336,11,FIX 3D
437,145.9,995.84,13.8,-10.59,3.81,3.73,12.7,7.2,285.3,28.630941,77.074858,11,FIX 3D
438,154.0,994.89,13.8,-7.56,3.81,3.73,12.4,8.2,300.1,28.631033,77.074775,9,FIX 3D
437,0.00,1013.25,15.10,0.00,3.88,3.81,5.60,7.20,302.40,28.623547,77.093353,8,FIX 3D
437,0.00,1013.25,15.10,0.00,3.88,3.81,5.60,7.20,302.40,28.623547,77.093353,8,FIX 3D
438,163.3,993.78,13.7,-8.95,3.81,3.73,8.6,8.1,315.0,28.631002,77.074799,9,FIX 3D
438,0.00,1013.25,15.10,0.00,3.88,3.80,5.90,7.10,317.40,28.623599,77.093253,8,FIX 3D
438,0.00,1013.25,15.10,0.00,3.88,3.80,5.90,7.10,317.40,28.623599,77.093253,8,FIX 3D
439,175.1,992.40,13.9,-11.72,3.80,3.73,8.7,8.2,330.0,28.631042,77.074708,9,FIX 3D
439,0.00,1013.25,15.30,0.00,3.88,3.80,1.00,5.50,332.60,28.623553,77.093310,9,FIX 3D
439,0.00,1013.25,15.30,0.00,3.88,3.80,1.00,5.50,332.60,28.623553,77.093310,9,FIX 3D
440,185.3,991.19,14.0,-9.91,3.80,3.72,3.6,7.9,345.0,28.630957,77.074804,9,FIX 3D
440,0.00,1013.25,14.70,0.00,3.87,3.80,-4.70,2.90,347.80,28.623512,77.093252,9,FIX 3D
440,0.00,1013.25,14.70,0.00,3.87,3.80,-4.70,2.90,347.80,28.623512,77.093252,9,FIX 3D
441,195.9,989.94,13.8,-10.16,3.79,3.72,-0.8,5.5,0.1,28.631007,77.074808,11,FIX 3D
441,0.00,1013.25,15.00,0.00,3.87,3.79,-9.10,1.70,3.00,28.623430,77.093257,11,FIX 3D
441,0.00,1013.25,15.00,0.00,3.87,3.79,-9.10,1.70,3.00,28.623430,77.093257,11,FIX 3D
442,205.8,988.78,13.9,-9.75,3.79,3.71,-4.9,3.5,15.1,28.630970,77.074819,9,FIX 3D
442,0.00,1013.25,15.20,0.00,3.87,3.79,-7.70,-0.10,18.30,28.623333,77.093283,10,FIX 3D
442,0.00,1013.25,15.20,0.00,3.87,3.79,-7.70,-0.10,18.30,28.623333,77.093283,10,FIX 3D
443,217.4,987.41,13.7,-11.24,3.78,3.71,-6.8,1.8,30.1,28.630915,77.074848,9,FIX 3D
443,0.00,1013.25,14.90,0.00,3.86,3.78,-11.30,-4.10,33.30,28.623328,77.093313,12,FIX 3D
443,0.00,1013.25,14.90,0.00,3.86,3.78,-11.30,-4.10,33.30,28.623328,77.093313,12,FIX 3D
444,227.5,986.22,13.7,-9.76,3.78,3.70,-7.4,-1.6,45.1,28.630823,77.074936,10,FIX 3D
444,0.00,1013.25,15.20,0.00,3.86,3.78,-9.60,-5.20,48.30,28.623296,77.093399,8,FIX 3D
444,0.00,1013.25,15.20,0.00,3.86,3.78,-9.60,-5.20,48.30,28.623296,77.093399,8,FIX 3D
445,236.7,985.14,13.7,-8.85,3.77,3.70,-7.5,-2.5,60.0,28.630828,77.074972,10,FIX 3D
445,0.00,1013.25,14.90,0.00,3.85,3.77,-6.80,-7.00,63.40,28.623372,77.093383,10,FIX 3D
445,0.00,1013.25,14.90,0.00,3.85,3.77,-6.80,-7.00,63.40,28.623372,77.093383,10,FIX 3D
446,247.3,983.89,13.3,-10.57,3.77,3.69,-6.7,-5.6,75.0,28.630749,77.074931,9,FIX 3D
446,0.00,1013.25,15.20,0.00,3.85,3.77,-3.40,-8.10,78.60,28.623427,77.093400,11,FIX 3D
446,0.00,1013.25,15.20,0.00,3.85,3.77,-3.40,-8.10,78.60,28.623427,77.093400,11,FIX 3D
447,256.3,982.85,13.2,-8.80,3.76,3.68,-4.7,-5.8,90.2,28.630751,77.074925,8,FIX 3D
447,0.00,1013.25,14.90,0.00,3.84,3.76,0.30,-7.10,93.80,28.623375,77.093500,9,FIX 3D
447,0.00,1013.25,14.90,0.00,3.84,3.76,0.30,-7.10,93.80,28.623375,77.093500,9,FIX 3D
448,267.2,981.57,13.3,-10.74,3.75,3.68,-0.8,-7.1,105.2,28.630694,77.074918,9,FIX 3D
448,0.00,1013.25,15.00,0.00,3.84,3.76,4.80,-8.10,109.00,28.623279,77.093596,8,FIX 3D
448,0.00,1013.25,15.00,0.00,3.84,3.76,4.80,-8.10,109.00,28.623279,77.093596,8,FIX 3D
449,277.8,980.33,13.4,-10.39,3.75,3.67,5.2,-7.0,120.1,28.630726,77.074860,9,FIX 3D
449,0.00,1013.25,14.90,0.00,3.83,3.76,7.00,-6.40,124.20,28.623254,77.093689,12,FIX 3D
449,0.00,1013.25,14.90,0.00,3.83,3.76,7.00,-6.40,124.20,28.623254,77.093689,12,FIX 3D
450,289.5,978.96,13.1,-11.65,3.74,3.67,7.9,-6.2,135.1,28.630775,77.074810,9,FIX 3D
450,0.00,1013.25,15.10,0.00,3.83,3.75,8.50,-3.90,139.50,28.623296,77.093774,11,FIX 3D
450,0.00,1013.25,15.10,0.00,3.83,3.75,8.50,-3.90,139.50,28.623296,77.093774,11,FIX 3D
451,298.3,977.93,13.1,-8.59,3.74,3.66,9.9,-5.4,150.0,28.630830,77.074850,8,FIX 3D
451,0.00,1013.25,15.10,0.00,3.82,3.75,11.50,-2.40,154.60,28.623392,77.093769,8,FIX 3D
451,0.00,1013.25,15.10,0.00,3.82,3.75,11.50,-2.40,154.60,28.623392,77.093769,8,FIX 3D
452,309.0,976.68,13.1,-10.38,3.73,3.66,10.2,-3.6,165.0,28.630885,77.074817,9,FIX 3D
452,0.00,1013.25,15.10,0.00,3.82,3.74,7.30,0.70,169.80,28.623301,77.093802,11,FIX 3D
452,0.00,1013.25,15.10,0.00,3.82,3.74,7.30,0.70,169.80,28.623301,77.093802,11,FIX 3D
453,317.6,975.68,13.1,-8.25,3.72,3.65,11.7,0.3,180.0,28.630979,77.074896,9,FIX 3D
453,0.00,1013.25,14.80,0.00,3.81,3.74,6.40,2.40,185.00,28.623231,77.093752,11,FIX 3D
453,0.00,1013.25,14.80,0.00,3.81,3.74,6.40,2.40,185.00,28.623231,77.093752,11,FIX 3D
454,329.1,974.34,12.7,-11.27,3.72,3.65,10.1,1.9,195.0,28.630914,77.074811,11,FIX 3D
454,0.00,1013.25,14.80,0.00,3.81,3.73,3.40,4.00,200.20,28.623184,77.093806,9,FIX 3D
454,0.00,1013.25,14.80,0.00,3.81,3.73,3.40,4.00,200.20,28.623184,77.093806,9,FIX 3D
455,340.8,972.98,12.9,-11.66,3.71,3.64,6.4,3.4,210.1,28.630946,77.074790,9,FIX 3D
455,0.00,1013.25,15.20,0.00,3.81,3.73,-1.50,5.50,215.40,28.623198,77.093843,12,FIX 3D
455,0.00,1013.25,15.20,0.00,3.81,3.73,-1.50,5.50,215.40,28.623198,77.093843,12,FIX 3D
456,352.3,971.64,12.8,-11.19,3.71,3.64,1.3,5.4,225.1,28.630945,77.074808,9,FIX 3D
456,0.00,1013.25,14.90,0.00,3.80,3.73,-7.40,6.80,230.60,28.623133,77.093914,11,FIX 3D
456,0.00,1013.25,14.90,0.00,3.80,3.73,-7.40,6.80,230.60,28.623133,77.093914,11,FIX 3D
457,361.0,970.63,12.5,-8.41,3.71,3.63,-0.8,7.5,240.1,28.630957,77.074802,11,FIX 3D
457,0.00,1013.25,14.90,0.00,3.80,3.72,-8.90,8.30,245.80,28.623180,77.093891,8,FIX 3D
457,0.00,1013.25,14.90,0.00,3.80,3.72,-8.90,8.30,245.80,28.623180,77.093891,8,FIX 3D
458,369.8,969.62,12.8,-8.32,3.70,3.63,-5.3,8.4,255.1,28.630901,77.074866,11,FIX 3D
458,0.00,1013.25,14.80,0.00,3.80,3.72,-9.30,7.70,260.90,28.623084,77.093960,12,FIX 3D
458,0.00,1013.25,14.80,0.00,3.80,3.72,-9.30,7.70,260.90,28.623084,77.093960,12,FIX 3D
459,380.7,968.35,12.7,-10.73,3.70,3.62,-8.7,8.8,270.0,28.630803,77.074856,9,FIX 3D
459,0.00,1013.25,14.90,0.00,3.80,3.72,-11.40,6.80,276.00,28.623112,77.093968,12,FIX 3D
459,0.00,1013.25,14.90,0.00,3.80,3.72,-11.40,6.80,276.00,28.623112,77.093968,12,FIX 3D
460,388.7,967.43,12.4,-7.69,3.69,3.62,-8.5,8.5,285.1,28.630854,77.074869,8,FIX 3D
460,0.00,1013.25,14.90,0.00,3.79,3.72,-6.80,6.10,291.00,28.623104,77.094044,9,FIX 3D
460,0.00,1013.25,14.90,0.00,3.79,3.72,-6.80,6.10,291.00,28.623104,77.094044,9,FIX 3D
461,399.5,966.18,12.6,-10.56,3.69,3.62,-9.4,8.1,300.1,28.630859,77.074937,8,FIX 3D
461,0.00,1013.25,15.10,0.00,3.79,3.72,-6.20,3.10,306.20,28.623169,77.094089,10,FIX 3D
461,0.00,1013.25,15.10,0.00,3.79,3.72,-6.20,3.10,306.20,28.623169,77.094089,10,FIX 3D
462,389.3,967.36,12.7,10.66,3.69,3.62,-6.8,5.1,315.1,28.630827,77.074980,8,FIX 3D
462,0.00,1013.25,14.80,0.00,3.79,3.71,-2.50,1.30,321.40,28.623109,77.094019,10,FIX 3D
462,0.00,1013.25,14.80,0.00,3.79,3.71,-2.50,1.30,321.40,28.623109,77.094019,10,FIX 3D
463,379.4,968.51,12.7,10.35,3.69,3.61,-2.5,3.6,330.1,28.630891,77.075077,11,FIX 3D
463,0.00,1013.25,15.00,0.00,3.79,3.71,2.30,-1.70,336.50,28.623132,77.094041,12,FIX 3D
463,0.00,1013.25,15.00,0.00,3.79,3.71,2.30,-1.70,336.50,28.623132,77.094041,12,FIX 3D
464,369.6,969.64,12.5,10.15,3.69,3.61,0.5,0.8,345.1,28.630962,77.075175,10,FIX 3D
464,0.00,1013.25,14.90,0.00,3.79,3.71,6.10,-4.60,351.50,28.623129,77.094020,8,FIX 3D
464,0.00,1013.25,14.90,0.00,3.79,3.71,6.10,-4.60,351.50,28.623129,77.094020,8,FIX 3D
465,359.9,970.76,12.6,9.91,3.69,3.61,5.0,-0.8,0.0,28.630937,77.075227,9,FIX 3D
465,0.00,1013.25,15.20,0.00,3.79,3.71,10.10,-6.60,6.70,28.623134,77.094048,8,FIX 3D
465,0.00,1013.25,15.20,0.00,3.79,3.71,10.10,-6.60,6.70,28.623134,77.094048,8,FIX 3D
466,349.5,971.97,12.7,10.76,3.68,3.61,8.4,-4.0,15.0,28.630976,77.075319,10,FIX 3D
466,0.00,1013.25,15.10,0.00,3.79,3.71,11.10,-7.30,21.90,28.623202,77.094002,12,FIX 3D
466,0.00,1013.25,15.10,0.00,3.79,3.71,11.10,-7.30,21.90,28.623202,77.094002,12,FIX 3D
467,340.4,973.03,12.7,9.43,3.69,3.61,10.7,-5.2,30.0,28.630983,77.075400,10,FIX 3D
467,0.00,1013.25,14.80,0.00,3.79,3.71,8.60,-7.20,37.10,28.623114,77.094081,12,FIX 3D
467,0.00,1013.25,14.80,0.00,3.79,3.71,8.60,-7.20,37.10,28.623114,77.094081,12,FIX 3D
468,330.9,974.13,12.8,9.68,3.69,3.61,12.4,-6.6,45.0,28.630940,77.075473,10,FIX 3D
468,0.00,1013.25,14.80,0.00,3.79,3.72,7.70,-8.50,52.10,28.623015,77.093998,10,FIX 3D
468,0.00,1013.25,14.80,0.00,3.79,3.72,7.70,-8.50,52.10,28.623015,77.093998,10,FIX 3D
469,321.4,975.23,12.8,9.56,3.69,3.61,10.5,-7.9,60.1,28.630940,77.075442,9,FIX 3D
469,0.00,1013.25,14.80,0.00,3.79,3.72,6.30,-6.70,67.30,28.622985,77.093911,8,FIX 3D
469,0.00,1013.25,14.80,0.00,3.79,3.72,6.30,-6.70,67.30,28.622985,77.093911,8,FIX 3D
470,312.6,976.26,12.8,9.23,3.69,3.61,7.7,-6.7,75.0,28.630994,77.075401,11,FIX 3D
470,0.00,1013.25,14.90,0.00,3.80,3.72,1.30,-6.80,82.50,28.623024,77.094002,9,FIX 3D
470,0.00,1013.25,14.90,0.00,3.80,3.72,1.30,-6.80,82.50,28.623024,77.094002,9,FIX 3D
471,303.1,977.37,12.9,9.91,3.69,3.62,6.1,-6.5,90.1,28.630899,77.075429,8,FIX 3D
471,0.00,1013.25,15.00,0.00,3.80,3.72,-2.90,-3.00,97.70,28.623063,77.094036,9,FIX 3D
471,0.00,1013.25,15.00,0.00,3.80,3.72,-2.90,-3.00,97.70,28.623063,77.094036,9,FIX 3D
472,293.0,978.55,13.3,10.22,3.69,3.62,0.1,-4.2,105.0,28.630871,77.075493,8,FIX 3D
472,0.00,1013.25,14.90,0.00,3.80,3.72,-5.00,-2.70,112.90,28.623065,77.093973,10,FIX 3D
472,0.00,1013.25,14.90,0.00,3.80,3.72,-5.00,-2.70,112.90,28.623065,77.093973,10,FIX 3D
473,282.9,979.73,13.1,10.35,3.70,3.62,-2.5,-2.5,120.1,28.630824,77.075587,11,FIX 3D
473,0.00,1013.25,14.70,0.00,3.80,3.73,-10.60,0.10,128.10,28.622980,77.094045,12,FIX 3D
473,0.00,1013.25,14.70,0.00,3.80,3.73,-10.60,0.10,128.10,28.622980,77.094045,12,FIX 3D
474,273.2,980.86,13.0,9.97,3.70,3.62,-6.1,0.6,135.0,28.630829,77.075490,11,FIX 3D
474,0.00,1013.25,14.90,0.00,3.81,3.73,-9.00,2.40,143.30,28.622961,77.094055,12,FIX 3D
474,0.00,1013.25,14.90,0.00,3.81,3.73,-9.00,2.40,143.30,28.622961,77.094055,12,FIX 3D
475,263.6,981.99,13.4,9.77,3.70,3.63,-8.9,2.8,150.0,28.630777,77.075497,8,FIX 3D
475,0.00,1013.25,14.80,0.00,3.81,3.73,-9.80,5.70,158.40,28.623008,77.093973,8,FIX 3D
475,0.00,1013.25,14.80,0.00,3.81,3.73,-9.80,5.70,158.40,28.623008,77.093973,8,FIX 3D
476,253.8,983.14,13.2,9.97,3.71,3.63,-8.6,4.9,165.0,28.630862,77.075527,9,FIX 3D
476,0.00,1013.25,15.10,0.00,3.81,3.74,-5.90,7.60,173.60,28.622939,77.094017,12,FIX 3D
476,0.00,1013.25,15.10,0.00,3.81,3.74,-5.90,7.60,173.60,28.622939,77.094017,12,FIX 3D
477,243.6,984.33,13.6,10.55,3.71,3.63,-6.9,6.4,180.1,28.630946,77.075579,8,FIX 3D
477,0.00,1013.25,15.20,0.00,3.81,3.74,-4.20,7.60,188.80,28.622924,77.093936,11,FIX 3D
477,0.00,1013.25,15.20,0.00,3.81,3.74,-4.20,7.60,188.80,28.622924,77.093936,11,FIX 3D
478,234.4,985.42,13.4,9.31,3.71,3.64,-6.1,7.6,195.1,28.630994,77.075484,9,FIX 3D
478,0.00,1013.25,15.20,0.00,3.82,3.74,-0.20,7.20,204.00,28.622936,77.093918,11,FIX 3D
478,0.00,1013.25,15.20,0.00,3.82,3.74,-0.20,7.20,204.00,28.622936,77.093918,11,FIX 3D
479,225.4,986.47,13.8,9.25,3.72,3.64,-3.0,8.7,210.1,28.630961,77.075529,11,FIX 3D
479,0.00,1013.25,15.00,0.00,3.82,3.74,4.10,8.20,219.30,28.623032,77.093987,12,FIX 3D
479,0.00,1013.25,15.00,0.00,3.82,3.74,4.10,8.20,219.30,28.623032,77.093987,12,FIX 3D
480,216.0,987.57,13.6,9.88,3.72,3.65,2.2,9.5,225.0,28.631043,77.075458,10,FIX 3D
480,0.00,1013.25,14.90,0.00,3.82,3.75,7.50,6.30,234.40,28.623026,77.093943,8,FIX 3D
480,0.00,1013.25,14.90,0.00,3.82,3.75,7.50,6.30,234.40,28.623026,77.093943,8,FIX 3D
481,207.4,988.59,13.5,8.63,3.72,3.65,4.6,8.6,240.0,28.631074,77.075434,9,FIX 3D
481,0.00,1013.25,14.80,0.00,3.83,3.75,11.00,4.00,249.60,28.623068,77.094036,12,FIX 3D
481,0.00,1013.25,14.80,0.00,3.83,3.75,11.00,4.00,249.60,28.623068,77.094036,12,FIX 3D
482,197.2,989.79,14.0,10.53,3.73,3.65,9.0,6.9,255.0,28.631078,77.075491,10,FIX 3D
482,0.00,1013.25,15.00,0.00,3.83,3.75,11.30,3.40,264.80,28.623160,77.094045,12,FIX 3D
482,0.00,1013.25,15.00,0.00,3.83,3.75,11.30,3.40,264.80,28.623160,77.094045,12,FIX 3D
483,188.0,990.87,13.8,9.51,3.73,3.66,10.1,6.4,270.1,28.630995,77.075404,11,FIX 3D
483,0.00,1013.25,15.10,0.00,3.83,3.76,7.00,-0.80,280.00,28.623105,77.094136,10,FIX 3D
483,0.00,1013.25,15.10,0.00,3.83,3.76,7.00,-0.80,280.00,28.623105,77.094136,10,FIX 3D
484,179.5,991.88,13.8,8.99,3.74,3.66,12.1,2.8,285.1,28.630937,77.075405,9,FIX 3D
484,0.00,1013.25,14.90,0.00,3.84,3.76,7.20,-1.40,295.20,28.623007,77.094224,10,FIX 3D
484,0.00,1013.25,14.90,0.00,3.84,3.76,7.20,-1.40,295.20,28.623007,77.094224,10,FIX 3D
485,169.8,993.02,13.7,9.90,3.74,3.66,10.2,1.5,300.1,28.630895,77.075402,10,FIX 3D
485,0.00,1013.25,15.00,0.00,3.84,3.76,2.70,-4.40,310.30,28.623105,77.094160,9,FIX 3D
485,0.00,1013.25,15.00,0.00,3.84,3.76,2.70,-4.40,310.30,28.623105,77.094160,9,FIX 3D
486,160.6,994.11,14.0,9.57,3.74,3.67,8.7,-1.7,315.1,28.630985,77.075422,10,FIX 3D
486,0.00,1013.25,14.80,0.00,3.84,3.76,-1.50,-6.30,325.50,28.623163,77.094182,12,FIX 3D
486,0.00,1013.25,14.80,0.00,3.84,3.76,-1.50,-6.30,325.50,28.623163,77.094182,12,FIX 3D
487,150.8,995.27,13.9,9.96,3.75,3.67,3.6,-2.9,330.0,28.630905,77.075492,8,FIX 3D
487,0.00,1013.25,14.80,0.00,3.84,3.77,-6.00,-7.40,340.70,28.623157,77.094139,12,FIX 3D
487,0.00,1013.25,14.80,0.00,3.84,3.77,-6.00,-7.40,340.70,28.623157,77.094139,12,FIX 3D
488,141.6,996.36,14.0,9.47,3.75,3.67,0.5,-5.4,345.0,28.630888,77.075570,10,FIX 3D
488,0.00,1013.25,14.90,0.00,3.84,3.77,-6.90,-7.70,355.90,28.623097,77.094114,9,FIX 3D
488,0.00,1013.25,14.90,0.00,3.84,3.77,-6.90,-7.70,355.90,28.623097,77.094114,9,FIX 3D
489,131.3,997.57,13.9,10.55,3.75,3.68,-2.5,-6.6,0.1,28.630909,77.075517,10,FIX 3D
489,0.00,1013.25,14.80,0.00,3.84,3.77,-10.60,-7.50,11.10,28.623179,77.094030,12,FIX 3D
489,0.00,1013.25,14.80,0.00,3.84,3.77,-10.60,-7.50,11.10,28.623179,77.094030,12,FIX 3D
490,121.2,998.78,14.1,10.49,3.75,3.68,-6.3,-7.6,15.1,28.630826,77.075612,11,FIX 3D
490,0.00,1013.25,15.10,0.00,3.85,3.77,-9.10,-6.10,26.40,28.623166,77.094128,10,FIX 3D
490,0.00,1013.25,15.10,0.00,3.85,3.77,-9.10,-6.10,26.40,28.623166,77.094128,10,FIX 3D
491,111.9,999.89,14.4,9.77,3.75,3.68,-8.5,-7.2,30.1,28.630807,77.075711,10,FIX 3D
491,0.00,1013.25,15.10,0.00,3.85,3.77,-7.50,-5.00,41.60,28.623256,77.094205,9,FIX 3D
491,0.00,1013.25,15.10,0.00,3.85,3.77,-7.50,-5.00,41.60,28.623256,77.094205,9,FIX 3D
492,102.0,1001.05,14.1,9.81,3.75,3.68,-9.7,-6.3,45.1,28.630749,77.075775,10,FIX 3D
492,0.00,1013.25,14.90,0.00,3.85,3.77,-4.60,-3.80,56.80,28.623217,77.094151,9,FIX 3D
492,0.00,1013.25,14.90,0.00,3.85,3.77,-4.60,-3.80,56.80,28.623217,77.094151,9,FIX 3D
493,92.0,1002.24,14.2,10.33,3.76,3.68,-7.1,-4.3,60.0,28.630649,77.075693,10,FIX 3D
493,0.00,1013.25,15.10,0.00,3.85,3.77,-1.20,-0.80,71.80,28.623254,77.094239,8,FIX 3D
493,0.00,1013.25,15.10,0.00,3.85,3.77,-1.20,-0.80,71.80,28.623254,77.094239,8,FIX 3D
494,82.7,1003.35,14.5,9.66,3.76,3.68,-3.4,-2.1,75.0,28.630668,77.075706,8,FIX 3D
494,0.00,1013.25,15.20,0.00,3.84,3.77,4.20,2.30,87.00,28.623263,77.094176,12,FIX 3D
494,0.00,1013.25,15.20,0.00,3.84,3.77,4.20,2.30,87.00,28.623263,77.094176,12,FIX 3D
495,72.9,1004.52,14.7,9.96,3.75,3.68,0.5,-0.5,90.0,28.630747,77.075743,11,FIX 3D
495,0.00,1013.25,15.10,0.00,3.84,3.77,7.80,4.50,102.20,28.623307,77.094106,12,FIX 3D
495,0.00,1013.25,15.10,0.00,3.84,3.77,7.80,4.50,102.20,28.623307,77.094106,12,FIX 3D
496,63.4,1005.66,14.6,9.95,3.75,3.68,4.0,2.7,105.1,28.630734,77.075730,10,FIX 3D
496,0.00,1013.25,14.80,0.00,3.84,3.76,10.50,5.60,117.60,28.623253,77.094082,8,FIX 3D
496,0.00,1013.25,14.80,0.00,3.84,3.76,10.50,5.60,117.60,28.623253,77.094082,8,FIX 3D
497,53.5,1006.84,14.5,10.18,3.75,3.68,6.3,4.0,120.0,28.630721,77.075752,9,FIX 3D
497,0.00,1013.25,15.20,0.00,3.84,3.76,10.10,8.00,132.70,28.623238,77.094142,11,FIX 3D
497,0.00,1013.25,15.20,0.00,3.84,3.76,10.10,8.00,132.70,28.623238,77.094142,11,FIX 3D
498,44.7,1007.89,14.8,8.96,3.75,3.68,9.7,5.4,135.1,28.630781,77.075654,11,FIX 3D
498,0.00,1013.25,15.10,0.00,3.84,3.76,7.60,8.20,147.90,28.623263,77.094158,8,FIX 3D
498,0.00,1013.25,15.10,0.00,3.84,3.76,7.60,8.20,147.90,28.623263,77.094158,8,FIX 3D
499,35.6,1008.98,14.7,9.29,3.75,3.67,10.5,7.2,150.1,28.630756,77.075576,8,FIX 3D
499,0.00,1013.25,14.90,0.00,3.83,3.76,8.30,7.80,163.10,28.623299,77.094237,11,FIX 3D
499,0.00,1013.25,14.90,0.00,3.83,3.76,8.30,7.80,163.10,28.623299,77.094237,11,FIX 3D
500,25.4,1010.21,14.8,10.54,3.75,3.67,12.1,8.8,165.1,28.630665,77.075654,11,FIX 3D
500,0.00,1013.25,15.10,0.00,3.83,3.75,4.50,6.60,178.40,28.623371,77.094309,10,FIX 3D
500,0.00,1013.25,15.10,0.00,3.83,3.75,4.50,6.60,178.40,28.623371,77.094309,10,FIX 3D
501,15.7,1011.36,14.9,9.92,3.74,3.67,8.3,8.6,180.1,28.630590,77.075591,11,FIX 3D
501,0.00,1013.25,15.00,0.00,3.83,3.75,-0.30,6.40,193.50,28.623370,77.094355,11,FIX 3D
501,0.00,1013.25,15.00,0.00,3.83,3.75,-0.30,6.40,193.50,28.623370,77.094355,11,FIX 3D
502,5.9,1012.55,15.1,10.19,3.74,3.66,7.9,8.6,195.0,28.630641,77.075688,8,FIX 3D
502,0.00,1013.25,15.10,0.00,3.82,3.75,-5.30,4.30,208.60,28.623453,77.094396,11,FIX 3D
502,0.00,1013.25,15.10,0.00,3.82,3.75,-5.30,4.30,208.60,28.623453,77.094396,11,FIX 3D
503,0.0,1013.25,15.2,9.21,3.73,3.66,4.3,7.9,210.0,28.630598,77.075633,11,FIX 3D
503,0.00,1013.25,15.10,0.00,3.82,3.74,-6.70,2.60,223.70,28.623452,77.094329,11,FIX 3D
503,0.00,1013.25,15.10,0.00,3.82,3.74,-6.70,2.60,223.70,28.623452,77.094329,11,FIX 3D
504,0.0,1013.25,15.1,10.05,3.73,3.65,-1.7,5.7,225.1,28.630621,77.075687,11,FIX 3D
504,0.00,1013.25,15.20,0.00,3.82,3.74,-9.90,-1.30,238.80,28.623467,77.094279,12,FIX 3D
504,0.00,1013.25,15.20,0.00,3.82,3.74,-9.90,-1.30,238.80,28.623467,77.094279,12,FIX 3D
505,0.0,1013.25,15.0,9.07,3.72,3.65,-4.4,2.8,240.1,28.630647,77.075673,10,FIX 3D
505,0.00,1013.25,14.90,0.00,3.81,3.74,-8.60,-2.00,253.80,28.623437,77.094244,11,FIX 3D
505,0.00,1013.25,14.90,0.00,3.81,3.74,-8.60,-2.00,253.80,28.623437,77.094244,11,FIX 3D
506,0.0,1013.25,14.8,10.18,3.72,3.64,-8.5,0.7,255.0,28.630700,77.075613,11,FIX 3D
506,0.00,1013.25,15.10,0.00,3.81,3.73,-11.20,-5.70,269.00,28.623505,77.094183,8,FIX 3D
506,0.00,1013.25,15.10,0.00,3.81,3.73,-11.20,-5.70,269.00,28.623505,77.094183,8,FIX 3D
507,0.0,1013.25,14.8,8.61,3.71,3.64,-7.6,-2.3,270.1,28.630689,77.075665,9,FIX 3D
507,0.00,1013.25,14.80,0.00,3.80,3.73,-7.10,-7.60,284.20,28.623542,77.094132,11,FIX 3D
507,0.00,1013.25,14.80,0.00,3.80,3.73,-7.10,-7.60,284.20,28.623542,77.094132,11,FIX 3D
508,0.0,1013.25,14.9,9.19,3.71,3.63,-6.8,-4.5,285.1,28.630746,77.075671,10,FIX 3D
508,0.00,1013.25,15.20,0.00,3.80,3.72,-3.50,-7.80,299.40,28.623491,77.094036,11,FIX 3D
508,0.00,1013.25,15.20,0.00,3.80,3.72,-3.50,-7.80,299.40,28.623491,77.094036,11,FIX 3D
509,0.0,1013.25,15.2,8.98,3.70,3.63,-5.6,-4.9,300.0,28.630843,77.075638,8,FIX 3D
509,0.00,1013.25,15.20,0.00,3.79,3.72,-1.00,-7.70,314.60,28.623414,77.093947,11,FIX 3D
509,0.00,1013.25,15.20,0.00,3.79,3.72,-1.00,-7.70,314.60,28.623414,77.093947,11,FIX 3D
510,0.0,1013.25,15.2,10.27,3.70,3.62,-2.5,-7.1,315.0,28.630820,77.075692,8,FIX 3D
510,0.00,1013.25,14.80,0.00,3.79,3.71,5.00,-8.20,329.80,28.623316,77.093876,11,FIX 3D
510,0.00,1013.25,14.80,0.00,3.79,3.71,5.00,-8.20,329.80,28.623316,77.093876,11,FIX 3D
511,0.0,1013.25,15.1,10.73,3.69,3.62,-0.8,-7.7,330.1,28.630813,77.075641,9,FIX 3D
511,0.00,1013.25,14.90,0.00,3.78,3.71,8.00,-7.40,344.90,28.623253,77.093870,9,FIX 3D
511,0.00,1013.25,14.90,0.00,3.78,3.71,8.00,-7.40,344.90,28.623253,77.093870,9,FIX 3D
512,0.0,1013.25,15.1,9.07,3.68,3.61,4.6,-6.0,345.1,28.630828,77.075543,10,FIX 3D
512,0.00,1013.25,15.10,0.00,3.78,3.70,10.00,-5.50,0.00,28.623222,77.093900,11,FIX 3D
512,0.00,1013.25,15.10,0.00,3.78,3.70,10.00,-5.50,0.00,28.623222,77.093900,11,FIX 3D
513,0.0,1013.25,14.9,8.84,3.68,3.60,8.7,-5.3,0.1,28.630790,77.075638,8,FIX 3D
513,0.00,1013.25,14.90,0.00,3.77,3.70,9.20,-2.20,15.00,28.623234,77.093958,10,FIX 3D
513,0.00,1013.25,14.90,0.00,3.77,3.70,9.20,-2.20,15.00,28.623234,77.093958,10,FIX 3D
514,0.0,1013.25,15.2,10.72,3.67,3.60,9.6,-5.2,15.1,28.630717,77.075608,9,FIX 3D
514,0.00,1013.25,15.00,0.00,3.77,3.69,8.80,-0.40,30.20,28.623227,77.093959,9,FIX 3D
514,0.00,1013.25,15.00,0.00,3.77,3.69,8.80,-0.40,30.20,28.623227,77.093959,9,FIX 3D
515,0.0,1013.25,14.8,9.11,3.67,3.59,12.2,-3.4,30.1,28.630719,77.075676,8,FIX 3D
515,0.00,1013.25,15.30,0.00,3.77,3.69,7.40,2.60,45.40,28.623326,77.093891,10,FIX 3D
515,0.00,1013.25,15.30,0.00,3.77,3.69,7.40,2.60,45.40,28.623326,77.093891,10,FIX 3D
516,0.0,1013.25,15.0,9.06,3.66,3.59,10.3,-0.7,45.0,28.630638,77.075607,11,FIX 3D
516,0.00,1013.25,14.80,0.00,3.76,3.69,3.40,3.70,60.60,28.623296,77.093832,10,FIX 3D
516,0.00,1013.25,14.80,0.00,3.76,3.69,3.40,3.70,60.60,28.623296,77.093832,10,FIX 3D
517,0.0,1013.25,14.9,9.83,3.66,3.58,10.2,2.1,60.0,28.630712,77.075637,8,FIX 3D
517,0.00,1013.25,14.90,0.00,3.76,3.68,-1.10,7.00,75.70,28.623299,77.093894,12,FIX 3D
517,0.00,1013.25,14.90,0.00,3.76,3.68,-1.10,7.00,75.70,28.623299,77.093894,12,FIX 3D
518,0.0,1013.25,15.1,10.30,3.65,3.58,4.4,5.2,75.0,28.630644,77.075597,10,FIX 3D
518,0.00,1013.25,15.00,0.00,3.75,3.68,-3.80,6.50,91.00,28.623254,77.093795,10,FIX 3D
518,0.00,1013.25,15.00,0.00,3.75,3.68,-3.80,6.50,91.00,28.623254,77.093795,10,FIX 3D
519,0.0,1013.25,15.2,9.43,3.65,3.57,2.2,7.0,90.1,28.630716,77.075605,8,FIX 3D
519,0.00,1013.25,15.10,0.00,3.75,3.68,-9.60,8.30,106.20,28.623241,77.093786,11,FIX 3D
519,0.00,1013.25,15.10,0.00,3.75,3.68,-9.60,8.30,106.20,28.623241,77.093786,11,FIX 3D
520,0.0,1013.25,15.2,10.43,3.64,3.57,-1.7,7.8,105.1,28.630782,77.075579,8,FIX 3D
520,0.00,1013.25,14.70,0.00,3.75,3.67,-10.70,8.80,121.30,28.623187,77.093833,12,FIX 3D
520,0.00,1013.25,14.70,0.00,3.75,3.67,-10.70,8.80,121.30,28.623187,77.093833,12,FIX 3D
521,0.0,1013.25,15.2,9.07,3.64,3.56,-5.0,8.6,120.0,28.630768,77.075535,10,FIX 3D
521,0.00,1013.25,15.00,0.00,3.75,3.67,-10.50,6.80,136.50,28.623205,77.093789,9,FIX 3D
521,0.00,1013.25,15.00,0.00,3.75,3.67,-10.50,6.80,136.50,28.623205,77.093789,9,FIX 3D
522,0.0,1013.25,15.0,9.36,3.63,3.56,-7.4,9.4,135.1,28.630691,77.075570,10,FIX 3D
522,0.00,1013.25,14.80,0.00,3.74,3.67,-8.00,5.40,151.80,28.623269,77.093875,11,FIX 3D
522,0.00,1013.25,14.80,0.00,3.74,3.67,-8.00,5.40,151.80,28.623269,77.093875,11,FIX 3D
523,0.0,1013.25,14.8,9.60,3.63,3.56,-9.2,8.4,150.0,28.630679,77.075604,8,FIX 3D
523,0.00,1013.25,15.00,0.00,3.74,3.67,-6.40,2.50,167.00,28.623235,77.093818,12,FIX 3D
523,0.00,1013.25,15.00,0.00,3.74,3.67,-6.40,2.50,167.00,28.623235,77.093818,12,FIX 3D
524,0.0,1013.25,14.9,9.19,3.63,3.56,-8.1,6.5,165.1,28.630623,77.075601,10,FIX 3D
524,0.00,1013.25,15.30,0.00,3.74,3.67,-0.40,0.40,182.20,28.623297,77.093779,10,FIX 3D
524,0.00,1013.25,15.30,0.00,3.74,3.67,-0.40,0.40,182.20,28.623297,77.093779,10,FIX 3D
525,0.0,1013.25,15.2,9.27,3.63,3.55,-5.0,6.2,180.3,28.630587,77.075636,11,FIX 3D
526,0.0,1013.25,15.1,9.35,3.62,3.55,-3.3,3.2,195.1,28.630527,77.075568,8,FIX 3D
525,0.00,1013.25,15.10,0.00,3.74,3.67,0.90,-1.70,197.40,28.623207,77.093789,11,FIX 3D
525,0.00,1013.25,15.10,0.00,3.74,3.67,0.90,-1.70,197.40,28.623207,77.093789,11,FIX 3D
526,0.0,1013.25,15.1,8.89,3.62,3.55,2.9,1.3,210.1,28.630481,77.075610,11,FIX 3D
526,0.00,1013.25,15.10,0.00,3.74,3.66,5.80,-3.20,212.60,28.623283,77.093868,12,FIX 3D
526,0.00,1013.25,15.10,0.00,3.74,3.66,5.80,-3.20,212.60,28.623283,77.093868,12,FIX 3D
527,0.0,1013.25,14.9,9.56,3.62,3.55,5.7,-0.6,225.0,28.630429,77.075604,11,FIX 3D
527,0.00,1013.25,15.10,0.00,3.74,3.66,9.00,-6.50,227.90,28.623296,77.093796,9,FIX 3D
527,0.00,1013.25,15.10,0.00,3.74,3.66,9.00,-6.50,227.90,28.623296,77.093796,9,FIX 3D
528,0.0,1013.25,14.9,10.00,3.62,3.55,8.0,-3.1,240.0,28.630521,77.075581,9,FIX 3D
528,0.00,1013.25,15.10,0.00,3.74,3.67,8.40,-6.60,243.10,28.623368,77.093890,10,FIX 3D
528,0.00,1013.25,15.10,0.00,3.74,3.67,8.40,-6.60,243.10,28.623368,77.093890,10,FIX 3D
529,0.0,1013.25,14.9,10.72,3.62,3.55,9.4,-6.2,255.1,28.630478,77.075491,10,FIX 3D
529,0.00,1013.25,15.00,0.00,3.74,3.67,9.70,-8.10,258.20,28.623410,77.093895,9,FIX 3D
529,0.00,1013.25,15.00,0.00,3.74,3.67,9.70,-8.10,258.20,28.623410,77.093895,9,FIX 3D
530,0.0,1013.25,15.2,8.76,3.62,3.55,11.8,-6.0,270.0,28.630491,77.075576,9,FIX 3D
530,0.00,1013.25,15.00,0.00,3.74,3.67,8.50,-7.90,273.50,28.623328,77.093877,10,FIX 3D
530,0.00,1013.25,15.00,0.00,3.74,3.67,8.50,-7.90,273.50,28.623328,77.093877,10,FIX 3D
531,0.0,1013.25,15.0,9.60,3.63,3.55,10.7,-7.9,285.1,28.630438,77.075621,11,FIX 3D
531,0.00,1013.25,15.20,0.00,3.74,3.67,3.90,-7.10,288.60,28.623248,77.093913,8,FIX 3D
531,0.00,1013.25,15.20,0.00,3.74,3.67,3.90,-7.10,288.60,28.623248,77.093913,8,FIX 3D
532,0.0,1013.25,15.1,9.93,3.63,3.55,7.2,-6.6,300.1,28.630405,77.075698,10,FIX 3D
532,0.00,1013.25,14.80,0.00,3.75,3.67,1.10,-6.30,303.80,28.623334,77.093913,10,FIX 3D
532,0.00,1013.25,14.80,0.00,3.75,3.67,1.10,-6.30,303.80,28.623334,77.093913,10,FIX 3D
533,0.0,1013.25,14.9,9.66,3.63,3.56,5.4,-5.3,315.1,28.630311,77.075728,11,FIX 3D
533,0.00,1013.25,15.20,0.00,3.75,3.67,-4.60,-4.40,319.00,28.623394,77.093818,9,FIX 3D
533,0.00,1013.25,15.20,0.00,3.75,3.67,-4.60,-4.40,319.00,28.623394,77.093818,9,FIX 3D
534,0.0,1013.25,14.9,10.14,3.63,3.56,0.4,-4.8,330.0,28.630232,77.075656,9,FIX 3D
534,0.00,1013.25,15.30,0.00,3.75,3.68,-5.80,-2.00,334.20,28.623426,77.093799,11,FIX 3D
534,0.00,1013.25,15.30,0.00,3.75,3.68,-5.80,-2.00,334.20,28.623426,77.093799,11,FIX 3D
535,0.0,1013.25,14.9,10.31,3.63,3.56,-2.7,-2.0,345.0,28.630312,77.075591,11,FIX 3D
535,0.00,1013.25,14.90,0.00,3.75,3.68,-10.80,-0.50,349.20,28.623461,77.093825,9,FIX 3D
535,0.00,1013.25,14.90,0.00,3.75,3.68,-10.80,-0.50,349.20,28.623461,77.093825,9,FIX 3D
536,0.0,1013.25,14.8,8.70,3.64,3.56,-6.2,0.4,0.0,28.630216,77.075572,8,FIX 3D
536,0.00,1013.25,15.20,0.00,3.76,3.68,-10.50,3.70,4.50,28.623401,77.093866,12,FIX 3D
536,0.00,1013.25,15.20,0.00,3.76,3.68,-10.50,3.70,4.50,28.623401,77.093866,12,FIX 3D
537,0.0,1013.25,15.2,8.82,3.64,3.57,-8.9,1.5,15.1,28.630186,77.075503,9,FIX 3D
537,0.00,1013.25,15.10,0.00,3.76,3.68,-9.90,4.10,19.70,28.623357,77.093923,12,FIX 3D
537,0.00,1013.25,15.10,0.00,3.76,3.68,-9.90,4.10,19.70,28.623357,77.093923,12,FIX 3D
538,0.0,1013.25,15.1,10.13,3.64,3.57,-9.4,5.4,30.1,28.630255,77.075522,9,FIX 3D
538,0.00,1013.25,14.70,0.00,3.76,3.69,-8.90,7.60,34.90,28.623446,77.093837,12,FIX 3D
538,0.00,1013.25,14.70,0.00,3.76,3.69,-8.90,7.60,34.90,28.623446,77.093837,12,FIX 3D
539,0.0,1013.25,14.9,10.07,3.65,3.57,-6.5,7.6,45.1,28.630250,77.075616,8,FIX 3D
539,0.00,1013.25,14.80,0.00,3.76,3.69,-5.20,6.80,50.00,28.623361,77.093887,11,FIX 3D
539,0.00,1013.25,14.80,0.00,3.76,3.69,-5.20,6.80,50.00,28.623361,77.093887,11,FIX 3D
540,0.0,1013.25,15.1,10.38,3.65,3.58,-4.1,8.8,60.1,28.630200,77.075554,10,FIX 3D
540,0.00,1013.25,14.90,0.00,3.77,3.69,-1.60,8.70,65.20,28.623434,77.093839,8,FIX 3D
540,0.00,1013.25,14.90,0.00,3.77,3.69,-1.60,8.70,65.20,28.623434,77.093839,8,FIX 3D
541,0.0,1013.25,14.9,10.58,3.66,3.58,0.1,9.7,75.0,28.630121,77.075580,10,FIX 3D
541,0.00,1013.25,14.70,0.00,3.77,3.70,4.70,7.30,80.40,28.623362,77.093806,9,FIX 3D
541,0.00,1013.25,14.70,0.00,3.77,3.70,4.70,7.30,80.40,28.623362,77.093806,9,FIX 3D
542,0.0,1013.25,15.1,9.86,3.66,3.59,4.0,8.2,90.0,28.630174,77.075666,9,FIX 3D
542,0.00,1013.25,14.90,0.00,3.77,3.70,7.40,6.30,95.60,28.623356,77.093892,8,FIX 3D
542,0.00,1013.25,14.90,0.00,3.77,3.70,7.40,6.30,95.60,28.623356,77.093892,8,FIX 3D
543,0.0,1013.25,15.2,10.64,3.66,3.59,7.7,7.6,105.1,28.630164,77.075604,11,FIX 3D
543,0.00,1013.25,15.00,0.00,3.78,3.70,9.60,5.70,110.80,28.623368,77.093961,8,FIX 3D
543,0.00,1013.25,15.00,0.00,3.78,3.70,9.60,5.70,110.80,28.623368,77.093961,8,FIX 3D
544,0.0,1013.25,14.8,9.38,3.67,3.59,8.9,6.9,120.0,28.630239,77.075538,9,FIX 3D
544,0.00,1013.25,15.10,0.00,3.78,3.71,8.60,3.40,126.00,28.623410,77.093961,11,FIX 3D
544,0.00,1013.25,15.10,0.00,3.78,3.71,8.60,3.40,126.00,28.623410,77.093961,11,FIX 3D
545,0.0,1013.25,15.0,8.79,3.67,3.60,12.4,5.1,135.1,28.630198,77.075451,9,FIX 3D
545,0.00,1013.25,15.00,0.00,3.78,3.71,9.30,-0.40,141.20,28.623339,77.094037,9,FIX 3D
545,0.00,1013.25,15.00,0.00,3.78,3.71,9.30,-0.40,141.20,28.623339,77.094037,9,FIX 3D
546,0.0,1013.25,15.1,0.00,3.68,3.60,9.9,3.9,150.1,28.630262,77.075354,11,FIX 3D
546,0.00,1013.25,15.10,0.00,3.79,3.71,5.10,-2.40,156.30,28.623351,77.094031,9,FIX 3D
546,0.00,1013.25,15.10,0.00,3.79,3.71,5.10,-2.40,156.30,28.623351,77.094031,9,FIX 3D
547,0.0,1013.25,15.0,0.00,3.68,3.60,9.5,0.1,165.0,28.630348,77.075349,11,FIX 3D
547,0.00,1013.25,14.90,0.00,3.79,3.71,2.90,-4.20,171.50,28.623426,77.094128,8,FIX 3D
547,0.00,1013.25,14.90,0.00,3.79,3.71,2.90,-4.20,171.50,28.623426,77.094128,8,FIX 3D
548,0.0,1013.25,15.0,0.00,3.68,3.61,5.8,-1.7,180.0,28.630354,77.075308,9,FIX 3D
548,0.00,1013.25,14.90,0.00,3.79,3.71,-1.40,-6.70,186.70,28.623429,77.094214,12,FIX 3D
548,0.00,1013.25,14.90,0.00,3.79,3.71,-1.40,-6.70,186.70,28.623429,77.094214,12,FIX 3D
549,0.00,1013.25,15.10,0.00,3.79,3.72,-4.20,-7.40,201.90,28.623475,77.094285,12,FIX 3D
549,0.00,1013.25,15.10,0.00,3.79,3.72,-4.20,-7.40,201.90,28.623475,77.094285,12,FIX 3D
550,0.00,1013.25,15.10,0.00,3.79,3.72,-9.80,-8.60,217.00,28.623524,77.094250,8,FIX 3D
550,0.00,1013.25,15.10,0.00,3.79,3.72,-9.80,-8.60,217.00,28.623524,77.094250,8,FIX 3D
551,0.00,1013.25,14.70,0.00,3.80,3.72,-8.20,-7.30,232.10,28.623519,77.094333,12,FIX 3D
551,0.00,1013.25,14.70,0.00,3.80,3.72,-8.20,-7.30,232.10,28.623519,77.094333,12,FIX 3D
552,0.00,1013.25,15.20,0.00,3.80,3.72,-10.40,-6.90,247.30,28.623472,77.094238,9,FIX 3D
552,0.00,1013.25,15.20,0.00,3.80,3.72,-10.40,-6.90,247.30,28.623472,77.094238,9,FIX 3D
553,0.00,1013.25,15.10,0.00,3.80,3.72,-8.80,-5.60,262.50,28.623445,77.094204,10,FIX 3D
553,0.00,1013.25,15.10,0.00,3.80,3.72,-8.80,-5.60,262.50,28.623445,77.094204,10,FIX 3D
554,0.00,1013.25,14.70,0.00,3.80,3.72,-4.60,-3.00,277.50,28.623474,77.094247,12,FIX 3D
554,0.00,1013.25,14.70,0.00,3.80,3.72,-4.60,-3.00,277.50,28.623474,77.094247,12,FIX 3D
555,0.00,1013.25,15.10,0.00,3.80,3.72,-2.20,-1.60,292.70,28.623496,77.094264,10,FIX 3D
555,0.00,1013.25,15.10,0.00,3.80,3.72,-2.20,-1.60,292.70,28.623496,77.094264,10,FIX 3D
556,0.00,1013.25,14.80,0.00,3.80,3.72,3.10,1.00,307.90,28.623433,77.094179,11,FIX 3D
556,0.00,1013.25,14.80,0.00,3.80,3.72,3.10,1.00,307.90,28.623433,77.094179,11,FIX 3D
557,0.00,1013.25,14.90,0.00,3.79,3.72,4.10,2.90,323.20,28.623415,77.094158,11,FIX 3D
557,0.00,1013.25,14.90,0.00,3.79,3.72,4.10,2.90,323.20,28.623415,77.094158,11,FIX 3D
558,0.00,1013.25,14.90,0.00,3.79,3.72,8.00,5.00,338.40,28.623336,77.094138,8,FIX 3D
558,0.00,1013.25,14.90,0.00,3.79,3.72,8.00,5.00,338.40,28.623336,77.094138,8,FIX 3D
559,0.00,1013.25,15.10,0.00,3.79,3.71,9.30,7.10,353.60,28.623350,77.094188,9,FIX 3D
559,0.00,1013.25,15.10,0.00,3.79,3.71,9.30,7.10,353.60,28.623350,77.094188,9,FIX 3D
560,0.00,1013.25,15.20,0.00,3.79,3.71,8.30,7.50,8.60,28.623279,77.094149,9,FIX 3D
560,0.00,1013.25,15.20,0.00,3.79,3.71,8.30,7.50,8.60,28.623279,77.094149,9,FIX 3D
561,0.00,1013.25,15.20,0.00,3.79,3.71,9.60,8.30,23.70,28.623294,77.094149,8,FIX 3D
561,0.00,1013.25,15.20,0.00,3.79,3.71,9.60,8.30,23.70,28.623294,77.094149,8,FIX 3D
562,0.00,1013.25,15.00,0.00,3.78,3.71,4.60,7.00,38.70,28.623254,77.094207,11,FIX 3D
562,0.00,1013.25,15.00,0.00,3.78,3.71,4.60,7.00,38.70,28.623254,77.094207,11,FIX 3D
563,0.00,1013.25,15.10,0.00,3.78,3.70,0.30,5.40,53.90,28.623351,77.094149,11,FIX 3D
563,0.00,1013.25,15.10,0.00,3.78,3.70,0.30,5.40,53.90,28.623351,77.094149,11,FIX 3D
564,0.00,1013.25,14.80,0.00,3.77,3.70,-2.80,5.10,69.10,28.623448,77.094133,8,FIX 3D
564,0.00,1013.25,14.80,0.00,3.77,3.70,-2.80,5.10,69.10,28.623448,77.094133,8,FIX 3D
565,0.00,1013.25,14.90,0.00,3.77,3.70,-7.60,2.40,84.20,28.623501,77.094226,9,FIX 3D
565,0.00,1013.25,14.90,0.00,3.77,3.70,-7.60,2.40,84.20,28.623501,77.094226,9,FIX 3D
566,0.00,1013.25,14.90,0.00,3.77,3.69,-10.30,-0.40,99.40,28.623596,77.094230,12,FIX 3D
566,0.00,1013.25,14.90,0.00,3.77,3.69,-10.30,-0.40,99.40,28.623596,77.094230,12,FIX 3D
567,0.00,1013.25,14.80,0.00,3.76,3.69,-8.20,-1.90,114.40,28.623635,77.094145,8,FIX 3D
567,0.00,1013.25,14.80,0.00,3.76,3.69,-8.20,-1.90,114.40,28.623635,77.094145,8,FIX 3D
568,0.00,1013.25,15.10,0.00,3.76,3.68,-8.80,-4.20,129.60,28.623733,77.094186,12,FIX 3D
568,0.00,1013.25,15.10,0.00,3.76,3.68,-8.80,-4.20,129.60,28.623733,77.094186,12,FIX 3D
569,0.00,1013.25,15.10,0.00,3.75,3.68,-6.90,-7.50,144.80,28.623701,77.094274,11,FIX 3D
569,0.00,1013.25,15.10,0.00,3.75,3.68,-6.90,-7.50,144.80,28.623701,77.094274,11,FIX 3D
570,0.00,1013.25,14.70,0.00,3.75,3.67,-3.10,-8.30,159.90,28.623691,77.094206,8,FIX 3D
570,0.00,1013.25,14.70,0.00,3.75,3.67,-3.10,-8.30,159.90,28.623691,77.094206,8,FIX 3D
571,0.00,1013.25,14.70,0.00,3.74,3.67,-0.30,-8.10,175.10,28.623664,77.094261,9,FIX 3D
571,0.00,1013.25,14.70,0.00,3.74,3.67,-0.30,-8.10,175.10,28.623664,77.094261,9,FIX 3D
572,0.00,1013.25,15.30,0.00,3.74,3.66,4.20,-6.90,190.20,28.623721,77.094288,11,FIX 3D
572,0.00,1013.25,15.30,0.00,3.74,3.66,4.20,-6.90,190.20,28.623721,77.094288,11,FIX 3D
573,0.00,1013.25,15.10,0.00,3.73,3.66,8.70,-6.60,205.30,28.623627,77.094307,8,FIX 3D
573,0.00,1013.25,15.10,0.00,3.73,3.66,8.70,-6.60,205.30,28.623627,77.094307,8,FIX 3D
574,0.00,1013.25,14.80,0.00,3.73,3.65,7.40,-4.40,220.50,28.623581,77.094327,10,FIX 3D
574,0.00,1013.25,14.80,0.00,3.73,3.65,7.40,-4.40,220.50,28.623581,77.094327,10,FIX 3D
575,0.00,1013.25,14.80,0.00,3.72,3.65,10.80,-3.50,235.70,28.623545,77.094402,11,FIX 3D
575,0.00,1013.25,14.80,0.00,3.72,3.65,10.80,-3.50,235.70,28.623545,77.094402,11,FIX 3D
576,0.00,1013.25,15.00,0.00,3.72,3.65,9.80,0.30,250.90,28.623537,77.094424,11,FIX 3D
576,0.00,1013.25,15.00,0.00,3.72,3.65,9.80,0.30,250.90,28.623537,77.094424,11,FIX 3D
577,0.00,1013.25,14.90,0.00,3.72,3.64,7.20,1.50,266.10,28.623612,77.094467,11,FIX 3D
577,0.00,1013.25,14.90,0.00,3.72,3.64,7.20,1.50,266.10,28.623612,77.094467,11,FIX 3D
578,0.00,1013.25,15.00,0.00,3.71,3.64,1.40,4.90,281.30,28.623515,77.094370,9,FIX 3D
578,0.00,1013.25,15.00,0.00,3.71,3.64,1.40,4.90,281.30,28.623515,77.094370,9,FIX 3D
579,0.00,1013.25,15.10,0.00,3.71,3.63,0.60,5.10,296.30,28.623612,77.094382,11,FIX 3D
579,0.00,1013.25,15.10,0.00,3.71,3.63,0.60,5.10,296.30,28.623612,77.094382,11,FIX 3D
580,0.00,1013.25,14.80,0.00,3.70,3.63,-3.50,6.80,311.60,28.623648,77.094482,10,FIX 3D
580,0.00,1013.25,14.80,0.00,3.70,3.63,-3.50,6.80,311.60,28.623648,77.094482,10,FIX 3D
581,0.00,1013.25,15.10,0.00,3.70,3.63,-6.40,7.10,326.60,28.623633,77.094567,12,FIX 3D
581,0.00,1013.25,15.10,0.00,3.70,3.63,-6.40,7.10,326.60,28.623633,77.094567,12,FIX 3D
582,0.00,1013.25,14.70,0.00,3.70,3.62,-9.60,8.20,341.70,28.623703,77.094538,8,FIX 3D
582,0.00,1013.25,14.70,0.00,3.70,3.62,-9.60,8.20,341.70,28.623703,77.094538,8,FIX 3D
583,0.00,1013.25,15.10,0.00,3.70,3.62,-11.20,6.20,356.90,28.623646,77.094623,10,FIX 3D
583,0.00,1013.25,15.10,0.00,3.70,3.62,-11.20,6.20,356.90,28.623646,77.094623,10,FIX 3D
584,0.00,1013.25,14.70,0.00,3.69,3.62,-10.20,5.50,12.10,28.623602,77.094539,9,FIX 3D
584,0.00,1013.25,14.70,0.00,3.69,3.62,-10.20,5.50,12.10,28.623602,77.094539,9,FIX 3D
585,0.00,1013.25,15.20,0.00,3.69,3.62,-6.10,4.70,27.10,28.623572,77.094638,12,FIX 3D
585,0.00,1013.25,15.20,0.00,3.69,3.62,-6.10,4.70,27.10,28.623572,77.094638,12,FIX 3D
586,0.00,1013.25,15.20,0.00,3.69,3.62,-4.30,1.30,42.30,28.623476,77.094699,12,FIX 3D
586,0.00,1013.25,15.20,0.00,3.69,3.62,-4.30,1.30,42.30,28.623476,77.094699,12,FIX 3D
587,0.00,1013.25,15.10,0.00,3.69,3.62,2.30,-1.20,57.50,28.623529,77.094611,9,FIX 3D
587,0.00,1013.25,15.10,0.00,3.69,3.62,2.30,-1.20,57.50,28.623529,77.094611,9,FIX 3D
588,0.00,1013.25,14.80,0.00,3.69,3.62,6.70,-3.60,72.80,28.623454,77.094597,10,FIX 3D
588,0.00,1013.25,14.80,0.00,3.69,3.62,6.70,-3.60,72.80,28.623454,77.094597,10,FIX 3D
589,0.00,1013.25,15.10,0.00,3.69,3.62,8.50,-4.40,87.90,28.623503,77.094537,10,FIX 3D
589,0.00,1013.25,15.10,0.00,3.69,3.62,8.50,-4.40,87.90,28.623503,77.094537,10,FIX 3D
590,0.00,1013.25,15.20,0.00,3.69,3.62,11.20,-6.20,103.10,28.623432,77.094467,9,FIX 3D
590,0.00,1013.25,15.20,0.00,3.69,3.62,11.20,-6.20,103.10,28.623432,77.094467,9,FIX 3D
591,0.00,1013.25,15.30,0.00,3.69,3.62,10.80,-7.00,118.30,28.623482,77.094520,10,FIX 3D
591,0.00,1013.25,15.30,0.00,3.69,3.62,10.80,-7.00,118.30,28.623482,77.094520,10,FIX 3D
592,0.00,1013.25,14.70,0.00,3.69,3.62,7.60,-7.90,133.40,28.623382,77.094535,8,FIX 3D
592,0.00,1013.25,14.70,0.00,3.69,3.62,7.60,-7.90,133.40,28.623382,77.094535,8,FIX 3D
593,0.00,1013.25,15.10,0.00,3.69,3.62,3.70,-6.80,148.60,28.623357,77.094484,12,FIX 3D
593,0.00,1013.25,15.10,0.00,3.69,3.62,3.70,-6.80,148.60,28.623357,77.094484,12,FIX 3D
594,0.00,1013.25,15.00,0.00,3.70,3.62,1.60,-6.70,163.70,28.623413,77.094574,12,FIX 3D
594,0.00,1013.25,15.00,0.00,3.70,3.62,1.60,-6.70,163.70,28.623413,77.094574,12,FIX 3D
595,0.00,1013.25,15.00,0.00,3.70,3.62,-3.20,-4.20,178.90,28.623394,77.094516,9,FIX 3D
595,0.00,1013.25,15.00,0.00,3.70,3.62,-3.20,-4.20,178.90,28.623394,77.094516,9,FIX 3D
596,0.00,1013.25,14.70,0.00,3.70,3.63,-5.50,-2.10,194.10,28.623373,77.094583,8,FIX 3D
596,0.00,1013.25,14.70,0.00,3.70,3.63,-5.50,-2.10,194.10,28.623373,77.094583,8,FIX 3D
597,0.00,1013.25,14.90,0.00,3.70,3.63,-10.10,0.30,209.20,28.623403,77.094493,11,FIX 3D
597,0.00,1013.25,14.90,0.00,3.70,3.63,-10.10,0.30,209.20,28.623403,77.094493,11,FIX 3D
598,0.00,1013.25,14.90,0.00,3.71,3.63,-10.10,2.60,224.40,28.623481,77.094583,11,FIX 3D
598,0.00,1013.25,14.90,0.00,3.71,3.63,-10.10,2.60,224.40,28.623481,77.094583,11,FIX 3D
599,0.00,1013.25,15.20,0.00,3.71,3.63,-11.00,4.70,239.40,28.623486,77.094644,9,FIX 3D
599,0.00,1013.25,15.20,0.00,3.71,3.63,-11.00,4.70,239.40,28.623486,77.094644,9,FIX 3D
600,0.00,1013.25,14.70,0.00,3.71,3.64,-5.90,6.10,254.60,28.623429,77.094569,11,FIX 3D
600,0.00,1013.25,14.70,0.00,3.71,3.64,-5.90,6.10,254.60,28.623429,77.094569,11,FIX 3D
601,0.00,1013.25,15.10,0.00,3.71,3.64,-4.20,7.20,269.80,28.623528,77.094505,10,FIX 3D
601,0.00,1013.25,15.10,0.00,3.71,3.64,-4.20,7.20,269.80,28.623528,77.094505,10,FIX 3D
602,0.00,1013.25,15.30,0.00,3.72,3.64,-0.50,8.20,284.80,28.623556,77.094491,8,FIX 3D
602,0.00,1013.25,15.30,0.00,3.72,3.64,-0.50,8.20,284.80,28.623556,77.094491,8,FIX 3D
603,0.00,1013.25,15.20,0.00,3.72,3.65,2.60,8.40,299.90,28.623525,77.094589,9,FIX 3D
603,0.00,1013.25,15.20,0.00,3.72,3.65,2.60,8.40,299.90,28.623525,77.094589,9,FIX 3D
604,0.00,1013.25,15.10,0.00,3.72,3.65,7.40,6.40,315.10,28.623609,77.094686,9,FIX 3D
604,0.00,1013.25,15.10,0.00,3.72,3.65,7.40,6.40,315.10,28.623609,77.094686,9,FIX 3D
605,0.00,1013.25,14.90,0.00,3.73,3.65,7.20,4.90,330.10,28.623702,77.094638,12,FIX 3D
605,0.00,1013.25,14.90,0.00,3.73,3.65,7.20,4.90,330.10,28.623702,77.094638,12,FIX 3D
606,0.00,1013.25,15.10,0.00,3.73,3.66,9.70,2.90,345.30,28.623638,77.094555,11,FIX 3D
606,0.00,1013.25,15.10,0.00,3.73,3.66,9.70,2.90,345.30,28.623638,77.094555,11,FIX 3D
607,0.00,1013.25,15.20,0.00,3.73,3.66,9.70,0.50,0.50,28.623694,77.094457,12,FIX 3D
607,0.00,1013.25,15.20,0.00,3.73,3.66,9.70,0.50,0.50,28.623694,77.094457,12,FIX 3D
608,0.00,1013.25,14.80,0.00,3.74,3.66,5.90,-2.50,15.70,28.623705,77.094447,9,FIX 3D
608,0.00,1013.25,14.80,0.00,3.74,3.66,5.90,-2.50,15.70,28.623705,77.094447,9,FIX 3D
609,0.00,1013.25,14.90,0.00,3.74,3.66,5.50,-4.30,30.90,28.623736,77.094522,8,FIX 3D
609,0.00,1013.25,14.90,0.00,3.74,3.66,5.50,-4.30,30.90,28.623736,77.094522,8,FIX 3D
610,0.00,1013.25,14.70,0.00,3.74,3.67,-0.80,-5.70,46.10,28.623720,77.094441,8,FIX 3D
610,0.00,1013.25,14.70,0.00,3.74,3.67,-0.80,-5.70,46.10,28.623720,77.094441,8,FIX 3D
611,0.00,1013.25,14.80,0.00,3.74,3.67,-3.70,-7.50,61.20,28.623674,77.094440,10,FIX 3D
611,0.00,1013.25,14.80,0.00,3.74,3.67,-3.70,-7.50,61.20,28.623674,77.094440,10,FIX 3D
612,0.00,1013.25,14.80,0.00,3.74,3.67,-9.00,-7.50,76.30,28.623669,77.094482,10,FIX 3D
612,0.00,1013.25,14.80,0.00,3.74,3.67,-9.00,-7.50,76.30,28.623669,77.094482,10,FIX 3D
613,0.00,1013.25,15.00,0.00,3.75,3.67,-8.40,-7.10,91.60,28.623679,77.094396,10,FIX 3D
613,0.00,1013.25,15.00,0.00,3.75,3.67,-8.40,-7.10,91.60,28.623679,77.094396,10,FIX 3D
614,0.00,1013.25,14.80,0.00,3.75,3.67,-11.80,-6.50,106.80,28.623712,77.094473,8,FIX 3D
614,0.00,1013.25,14.80,0.00,3.75,3.67,-11.80,-6.50,106.80,28.623712,77.094473,8,FIX 3D
615,0.00,1013.25,15.10,0.00,3.75,3.67,-10.70,-5.60,121.90,28.623716,77.094420,9,FIX 3D
615,0.00,1013.25,15.10,0.00,3.75,3.67,-10.70,-5.60,121.90,28.623716,77.094420,9,FIX 3D
616,0.00,1013.25,14.80,0.00,3.75,3.67,-6.80,-3.20,137.00,28.623733,77.094471,11,FIX 3D
616,0.00,1013.25,14.80,0.00,3.75,3.67,-6.80,-3.20,137.00,28.623733,77.094471,11,FIX 3D
617,0.00,1013.25,15.10,0.00,3.75,3.67,-3.80,-1.20,152.20,28.623684,77.094451,12,FIX 3D
617,0.00,1013.25,15.10,0.00,3.75,3.67,-3.80,-1.20,152.20,28.623684,77.094451,12,FIX 3D
618,0.00,1013.25,14.90,0.00,3.75,3.67,1.60,0.60,167.30,28.623757,77.094508,12,FIX 3D
618,0.00,1013.25,14.90,0.00,3.75,3.67,1.60,0.60,167.30,28.623757,77.094508,12,FIX 3D
619,0.00,1013.25,15.20,0.00,3.74,3.67,4.50,2.20,182.30,28.623715,77.094579,9,FIX 3D
619,0.00,1013.25,15.20,0.00,3.74,3.67,4.50,2.20,182.30,28.623715,77.094579,9,FIX 3D
620,0.00,1013.25,15.20,0.00,3.74,3.67,8.80,5.60,197.30,28.623701,77.094492,9,FIX 3D
620,0.00,1013.25,15.20,0.00,3.74,3.67,8.80,5.60,197.30,28.623701,77.094492,9,FIX 3D
621,0.00,1013.25,15.20,0.00,3.74,3.67,8.00,6.00,212.50,28.623680,77.094499,10,FIX 3D
621,0.00,1013.25,15.20,0.00,3.74,3.67,8.00,6.00,212.50,28.623680,77.094499,10,FIX 3D
622,0.00,1013.25,15.00,0.00,3.74,3.66,8.10,7.10,227.50,28.623696,77.094498,9,FIX 3D
622,0.00,1013.25,15.00,0.00,3.74,3.66,8.10,7.10,227.50,28.623696,77.094498,9,FIX 3D
623,0.00,1013.25,15.00,0.00,3.74,3.66,7.90,7.70,242.60,28.623715,77.094577,8,FIX 3D
623,0.00,1013.25,15.00,0.00,3.74,3.66,7.90,7.70,242.60,28.623715,77.094577,8,FIX 3D
624,0.00,1013.25,14.80,0.00,3.73,3.66,7.10,7.40,257.80,28.623812,77.094585,11,FIX 3D
624,0.00,1013.25,14.80,0.00,3.73,3.66,7.10,7.40,257.80,28.623812,77.094585,11,FIX 3D
625,0.00,1013.25,14.70,0.00,3.73,3.66,1.10,7.10,272.90,28.623850,77.094508,12,FIX 3D
625,0.00,1013.25,14.70,0.00,3.73,3.66,1.10,7.10,272.90,28.623850,77.094508,12,FIX 3D
626,0.00,1013.25,14.80,0.00,3.73,3.65,-2.20,5.00,288.10,28.623904,77.094464,8,FIX 3D
626,0.00,1013.25,14.80,0.00,3.73,3.65,-2.20,5.00,288.10,28.623904,77.094464,8,FIX 3D
627,0.00,1013.25,14.80,0.00,3.72,3.65,-4.90,3.30,303.10,28.623858,77.094474,9,FIX 3D
627,0.00,1013.25,14.80,0.00,3.72,3.65,-4.90,3.30,303.10,28.623858,77.094474,9,FIX 3D
628,0.00,1013.25,15.10,0.00,3.72,3.64,-8.00,0.90,318.30,28.623789,77.094382,10,FIX 3D
628,0.00,1013.25,15.10,0.00,3.72,3.64,-8.00,0.90,318.30,28.623789,77.094382,10,FIX 3D
629,0.00,1013.25,14.80,0.00,3.71,3.64,-8.60,-1.70,333.50,28.623713,77.094413,11,FIX 3D
629,0.00,1013.25,14.80,0.00,3.71,3.64,-8.60,-1.70,333.50,28.623713,77.094413,11,FIX 3D